Dato;Region;FG;Faregrad;Hovedskredproblem;Skredproblem;Skredproblem
2013-01-11;Narvik;2;2 Moderat;
2013-01-12;Narvik;2;2 Moderat;
2013-01-13;Narvik;2;2 Moderat;
2013-01-14;Narvik;2;2 Moderat;
2013-01-15;Narvik;2;2 Moderat;
2013-01-16;Narvik;2;2 Moderat;
2013-01-17;Narvik;3;3 Betydelig;
2013-01-18;Narvik;3;3 Betydelig;
2013-01-19;Narvik;3;3 Betydelig;
2013-01-20;Narvik;3;3 Betydelig;
2013-01-21;Narvik;3;3 Betydelig;
2013-01-22;Narvik;3;3 Betydelig;
2013-01-23;Narvik;3;3 Betydelig;
2013-01-24;Narvik;3;3 Betydelig;
2013-01-25;Narvik;2;2 Moderat;
2013-01-26;Narvik;2;2 Moderat;
2013-01-27;Narvik;2;2 Moderat;
2013-01-28;Narvik;2;2 Moderat;
2013-01-29;Narvik;2;2 Moderat;
2013-01-30;Narvik;2;2 Moderat;
2013-01-31;Narvik;2;2 Moderat;
2013-02-01;Narvik;2;2 Moderat;
2013-02-02;Narvik;2;2 Moderat;
2013-02-03;Narvik;2;2 Moderat;
2013-02-04;Narvik;2;2 Moderat;
2013-02-05;Narvik;2;2 Moderat;
2013-02-06;Narvik;3;3 Betydelig;
2013-02-07;Narvik;3;3 Betydelig;
2013-02-08;Narvik;2;2 Moderat;
2013-02-09;Narvik;2;2 Moderat;
2013-02-10;Narvik;2;2 Moderat;
2013-02-11;Narvik;2;2 Moderat;
2013-02-12;Narvik;2;2 Moderat;
2013-02-13;Narvik;2;2 Moderat;
2013-02-14;Narvik;2;2 Moderat;
2013-02-15;Narvik;2;2 Moderat;
2013-02-16;Narvik;2;2 Moderat;
2013-02-17;Narvik;2;2 Moderat;
2013-02-18;Narvik;2;2 Moderat;
2013-02-19;Narvik;2;2 Moderat;
2013-02-20;Narvik;2;2 Moderat;
2013-02-21;Narvik;3;3 Betydelig;
2013-02-22;Narvik;2;2 Moderat;
2013-02-23;Narvik;2;2 Moderat;
2013-02-24;Narvik;3;3 Betydelig;
2013-02-25;Narvik;3;3 Betydelig;
2013-02-26;Narvik;4;4 Stor;
2013-02-27;Narvik;3;3 Betydelig;
2013-02-28;Narvik;3;3 Betydelig;
2013-03-01;Narvik;2;2 Moderat;
2013-03-02;Narvik;2;2 Moderat;
2013-03-03;Narvik;2;2 Moderat;
2013-03-04;Narvik;2;2 Moderat;
2013-03-05;Narvik;2;2 Moderat;
2013-03-06;Narvik;2;2 Moderat;
2013-03-07;Narvik;3;3 Betydelig;
2013-03-08;Narvik;3;3 Betydelig;
2013-03-09;Narvik;3;3 Betydelig;
2013-03-10;Narvik;3;3 Betydelig;
2013-03-11;Narvik;3;3 Betydelig;
2013-03-12;Narvik;3;3 Betydelig;
2013-03-13;Narvik;3;3 Betydelig;
2013-03-14;Narvik;3;3 Betydelig;
2013-03-15;Narvik;2;2 Moderat;
2013-03-16;Narvik;3;3 Betydelig;
2013-03-17;Narvik;3;3 Betydelig;
2013-03-18;Narvik;3;3 Betydelig;
2013-03-19;Narvik;3;3 Betydelig;
2013-03-20;Narvik;2;2 Moderat;
2013-03-21;Narvik;2;2 Moderat;
2013-03-22;Narvik;2;2 Moderat;
2013-03-23;Narvik;2;2 Moderat;
2013-03-24;Narvik;2;2 Moderat;
2013-03-25;Narvik;2;2 Moderat;
2013-03-26;Narvik;3;3 Betydelig;
2013-03-27;Narvik;3;3 Betydelig;
2013-03-28;Narvik;3;3 Betydelig;
2013-03-29;Narvik;3;3 Betydelig;
2013-03-30;Narvik;4;4 Stor;
2013-03-31;Narvik;4;4 Stor;
2013-04-01;Narvik;4;4 Stor;
2013-04-02;Narvik;4;4 Stor;
2013-04-03;Narvik;3;3 Betydelig;
2013-04-04;Narvik;3;3 Betydelig;
2013-04-05;Narvik;3;3 Betydelig;
2013-04-06;Narvik;2;2 Moderat;
2013-04-07;Narvik;2;2 Moderat;
2013-04-08;Narvik;2;2 Moderat;
2013-04-09;Narvik;2;2 Moderat;
2013-04-10;Narvik;2;2 Moderat;
2013-04-11;Narvik;2;2 Moderat;
2013-04-12;Narvik;2;2 Moderat;
2013-04-13;Narvik;2;2 Moderat;
2013-04-14;Narvik;2;2 Moderat;
2013-04-15;Narvik;3;3 Betydelig;
2013-04-16;Narvik;2;2 Moderat;
2013-04-17;Narvik;2;2 Moderat;
2013-04-18;Narvik;2;2 Moderat;
2013-04-19;Narvik;2;2 Moderat;
2013-04-20;Narvik;2;2 Moderat;
2013-04-21;Narvik;2;2 Moderat;
2013-04-22;Narvik;2;2 Moderat;
2013-04-23;Narvik;2;2 Moderat;
2013-04-24;Narvik;2;2 Moderat;
2013-04-25;Narvik;2;2 Moderat;
2013-04-26;Narvik;2;2 Moderat;
2013-04-27;Narvik;2;2 Moderat;
2013-04-28;Narvik;2;2 Moderat;
2013-04-29;Narvik;2;2 Moderat;
2013-04-30;Narvik;2;2 Moderat;
2013-05-01;Narvik;2;2 Moderat;
2013-05-02;Narvik;2;2 Moderat;
2013-05-03;Narvik;2;2 Moderat;
2013-05-04;Narvik;2;2 Moderat;
2013-05-05;Narvik;2;2 Moderat;
2013-05-06;Narvik;3;3 Betydelig;
2013-05-07;Narvik;2;2 Moderat;
2013-05-08;Narvik;2;2 Moderat;
2013-05-09;Narvik;2;2 Moderat;
2013-05-10;Narvik;2;2 Moderat;
2013-05-11;Narvik;2;2 Moderat;
2013-05-12;Narvik;2;2 Moderat;
2013-05-13;Narvik;2;2 Moderat;
2013-05-14;Narvik;2;2 Moderat;
2013-05-15;Narvik;2;2 Moderat;
2013-05-16;Narvik;3;3 Betydelig;
2013-05-17;Narvik;2;2 Moderat;
2013-05-18;Narvik;2;2 Moderat;
2013-05-19;Narvik;2;2 Moderat;
2013-05-20;Narvik;3;3 Betydelig;
2013-05-21;Narvik;3;3 Betydelig;
2013-05-22;Narvik;3;3 Betydelig;
2013-05-23;Narvik;2;2 Moderat;
2013-05-24;Narvik;2;2 Moderat;
2013-05-25;Narvik;2;2 Moderat;
2013-05-26;Narvik;2;2 Moderat;
2013-05-27;Narvik;2;2 Moderat;
2013-05-28;Narvik;2;2 Moderat;
2013-05-29;Narvik;1;1 Liten;
2013-05-30;Narvik;1;1 Liten;
2013-05-31;Narvik;1;1 Liten;
2013-12-02;Narvik;4;4 Stor;
2013-12-03;Narvik;4;4 Stor;
2013-12-04;Narvik;3;3 Betydelig;
2013-12-05;Narvik;3;3 Betydelig;
2013-12-06;Narvik;2;2 Moderat;
2013-12-07;Narvik;2;2 Moderat;
2013-12-08;Narvik;2;2 Moderat;
2013-12-09;Narvik;2;2 Moderat;
2013-12-10;Narvik;4;4 Stor;
2013-12-11;Narvik;4;4 Stor;
2013-12-12;Narvik;3;3 Betydelig;
2013-12-13;Narvik;2;2 Moderat;
2013-12-14;Narvik;2;2 Moderat;
2013-12-15;Narvik;2;2 Moderat;
2013-12-16;Narvik;2;2 Moderat;
2013-12-17;Narvik;2;2 Moderat;
2013-12-18;Narvik;2;2 Moderat;
2013-12-19;Narvik;2;2 Moderat;
2013-12-20;Narvik;2;2 Moderat;
2013-12-21;Narvik;2;2 Moderat;
2013-12-22;Narvik;2;2 Moderat;
2013-12-23;Narvik;2;2 Moderat;
2013-12-24;Narvik;2;2 Moderat;
2013-12-25;Narvik;2;2 Moderat;
2013-12-26;Narvik;2;2 Moderat;
2013-12-27;Narvik;2;2 Moderat;
2013-12-28;Narvik;2;2 Moderat;
2013-12-29;Narvik;2;2 Moderat;
2013-12-30;Narvik;2;2 Moderat;
2013-12-31;Narvik;1;1 Liten;
2014-01-01;Narvik;2;2 Moderat;
2014-01-02;Narvik;2;2 Moderat;
2014-01-03;Narvik;2;2 Moderat;
2014-01-04;Narvik;2;2 Moderat;
2014-01-05;Narvik;2;2 Moderat;
2014-01-06;Narvik;2;2 Moderat;
2014-01-07;Narvik;2;2 Moderat;
2014-01-08;Narvik;2;2 Moderat;
2014-01-09;Narvik;2;2 Moderat;
2014-01-10;Narvik;2;2 Moderat;
2014-01-11;Narvik;2;2 Moderat;
2014-01-12;Narvik;2;2 Moderat;
2014-01-13;Narvik;1;1 Liten;
2014-01-14;Narvik;1;1 Liten;
2014-01-15;Narvik;1;1 Liten;
2014-01-16;Narvik;1;1 Liten;
2014-01-17;Narvik;1;1 Liten;
2014-01-18;Narvik;1;1 Liten;
2014-01-19;Narvik;1;1 Liten;
2014-01-20;Narvik;1;1 Liten;
2014-01-21;Narvik;1;1 Liten;
2014-01-22;Narvik;1;1 Liten;
2014-01-23;Narvik;1;1 Liten;
2014-01-24;Narvik;1;1 Liten;
2014-01-25;Narvik;1;1 Liten;
2014-01-26;Narvik;1;1 Liten;
2014-01-27;Narvik;1;1 Liten;
2014-01-28;Narvik;1;1 Liten;
2014-01-29;Narvik;1;1 Liten;
2014-01-30;Narvik;1;1 Liten;
2014-01-31;Narvik;1;1 Liten;
2014-02-01;Narvik;1;1 Liten;
2014-02-02;Narvik;1;1 Liten;
2014-02-03;Narvik;2;2 Moderat;
2014-02-04;Narvik;2;2 Moderat;
2014-02-05;Narvik;2;2 Moderat;
2014-02-06;Narvik;2;2 Moderat;
2014-02-07;Narvik;2;2 Moderat;
2014-02-08;Narvik;2;2 Moderat;
2014-02-09;Narvik;1;1 Liten;
2014-02-10;Narvik;1;1 Liten;
2014-02-11;Narvik;1;1 Liten;
2014-02-12;Narvik;1;1 Liten;
2014-02-13;Narvik;1;1 Liten;
2014-02-14;Narvik;1;1 Liten;
2014-02-15;Narvik;1;1 Liten;
2014-02-16;Narvik;1;1 Liten;
2014-02-17;Narvik;1;1 Liten;
2014-02-18;Narvik;1;1 Liten;
2014-02-19;Narvik;1;1 Liten;
2014-02-20;Narvik;1;1 Liten;
2014-02-21;Narvik;2;2 Moderat;
2014-02-22;Narvik;2;2 Moderat;
2014-02-23;Narvik;3;3 Betydelig;
2014-02-24;Narvik;3;3 Betydelig;
2014-02-25;Narvik;3;3 Betydelig;
2014-02-26;Narvik;3;3 Betydelig;
2014-02-27;Narvik;2;2 Moderat;
2014-02-28;Narvik;2;2 Moderat;
2014-03-01;Narvik;2;2 Moderat;
2014-03-02;Narvik;2;2 Moderat;
2014-03-03;Narvik;2;2 Moderat;
2014-03-04;Narvik;1;1 Liten;
2014-03-05;Narvik;1;1 Liten;
2014-03-06;Narvik;2;2 Moderat;
2014-03-07;Narvik;2;2 Moderat;
2014-03-08;Narvik;3;3 Betydelig;
2014-03-09;Narvik;3;3 Betydelig;
2014-03-10;Narvik;3;3 Betydelig;
2014-03-11;Narvik;3;3 Betydelig;
2014-03-12;Narvik;4;4 Stor;
2014-03-13;Narvik;4;4 Stor;
2014-03-14;Narvik;4;4 Stor;
2014-03-15;Narvik;4;4 Stor;
2014-03-16;Narvik;3;3 Betydelig;
2014-03-17;Narvik;3;3 Betydelig;
2014-03-18;Narvik;3;3 Betydelig;
2014-03-19;Narvik;3;3 Betydelig;
2014-03-20;Narvik;3;3 Betydelig;
2014-03-21;Narvik;3;3 Betydelig;
2014-03-22;Narvik;3;3 Betydelig;
2014-03-23;Narvik;2;2 Moderat;
2014-03-24;Narvik;3;3 Betydelig;
2014-03-25;Narvik;2;2 Moderat;
2014-03-26;Narvik;2;2 Moderat;
2014-03-27;Narvik;2;2 Moderat;
2014-03-28;Narvik;2;2 Moderat;
2014-03-29;Narvik;2;2 Moderat;
2014-03-30;Narvik;2;2 Moderat;
2014-03-31;Narvik;2;2 Moderat;
2014-04-01;Narvik;2;2 Moderat;
2014-04-02;Narvik;3;3 Betydelig;
2014-04-03;Narvik;3;3 Betydelig;
2014-04-04;Narvik;3;3 Betydelig;
2014-04-05;Narvik;3;3 Betydelig;
2014-04-06;Narvik;2;2 Moderat;
2014-04-07;Narvik;2;2 Moderat;
2014-04-08;Narvik;2;2 Moderat;
2014-04-09;Narvik;2;2 Moderat;
2014-04-10;Narvik;2;2 Moderat;
2014-04-11;Narvik;2;2 Moderat;
2014-04-12;Narvik;2;2 Moderat;
2014-04-13;Narvik;2;2 Moderat;
2014-04-14;Narvik;2;2 Moderat;
2014-04-15;Narvik;3;3 Betydelig;
2014-04-16;Narvik;3;3 Betydelig;
2014-04-17;Narvik;2;2 Moderat;
2014-04-18;Narvik;2;2 Moderat;
2014-04-19;Narvik;3;3 Betydelig;
2014-04-20;Narvik;2;2 Moderat;
2014-04-21;Narvik;2;2 Moderat;
2014-04-22;Narvik;2;2 Moderat;
2014-04-23;Narvik;2;2 Moderat;
2014-04-24;Narvik;2;2 Moderat;
2014-04-25;Narvik;2;2 Moderat;
2014-04-26;Narvik;2;2 Moderat;
2014-04-27;Narvik;2;2 Moderat;
2014-04-28;Narvik;2;2 Moderat;
2014-04-29;Narvik;2;2 Moderat;
2014-04-30;Narvik;2;2 Moderat;
2014-05-01;Narvik;1;1 Liten;
2014-05-02;Narvik;1;1 Liten;
2014-05-03;Narvik;2;2 Moderat;
2014-05-04;Narvik;2;2 Moderat;
2014-05-05;Narvik;2;2 Moderat;
2014-05-06;Narvik;2;2 Moderat;
2014-05-07;Narvik;2;2 Moderat;
2014-05-08;Narvik;2;2 Moderat;
2014-05-09;Narvik;2;2 Moderat;
2014-05-10;Narvik;2;2 Moderat;
2014-05-11;Narvik;2;2 Moderat;
2014-05-12;Narvik;1;1 Liten;
2014-05-13;Narvik;1;1 Liten;
2014-05-14;Narvik;1;1 Liten;
2014-05-15;Narvik;2;2 Moderat;
2014-05-16;Narvik;2;2 Moderat;
2014-05-17;Narvik;2;2 Moderat;
2014-05-18;Narvik;2;2 Moderat;
2014-05-19;Narvik;3;3 Betydelig;
2014-05-20;Narvik;2;2 Moderat;
2014-05-21;Narvik;2;2 Moderat;
2014-05-22;Narvik;2;2 Moderat;
2014-05-23;Narvik;2;2 Moderat;
2014-05-24;Narvik;1;1 Liten;
2014-05-25;Narvik;1;1 Liten;
2014-05-26;Narvik;1;1 Liten;
2014-05-27;Narvik;1;1 Liten;
2014-05-28;Narvik;1;1 Liten;
2014-05-29;Narvik;1;1 Liten;
2014-05-30;Narvik;1;1 Liten;
2014-05-31;Narvik;1;1 Liten;
2014-06-01;Narvik;1;1 Liten;
2014-12-02;Narvik;1;1 Liten;Nysnø;
2014-12-03;Narvik;2;2 Moderat;Nysnø;Vedvarende svakt lag;
2014-12-04;Narvik;2;2 Moderat;Vedvarende svakt lag;
2014-12-05;Narvik;2;2 Moderat;Vedvarende svakt lag;Fokksnø;
2014-12-06;Narvik;3;3 Betydelig;Fokksnø;Vedvarende svakt lag;
2014-12-07;Narvik;3;3 Betydelig;Fokksnø;Vedvarende svakt lag;
2014-12-08;Narvik;3;3 Betydelig;Fokksnø;Vedvarende svakt lag;
2014-12-09;Narvik;2;2 Moderat;Fokksnø;
2014-12-10;Narvik;2;2 Moderat;Nysnø;
2014-12-11;Narvik;2;2 Moderat;Fokksnø;
2014-12-12;Narvik;2;2 Moderat;Fokksnø;
2014-12-13;Narvik;1;1 Liten;Fokksnø;
2014-12-14;Narvik;1;1 Liten;Fokksnø;
2014-12-15;Narvik;1;1 Liten;Fokksnø;
2014-12-16;Narvik;2;2 Moderat;Vedvarende svakt lag;
2014-12-17;Narvik;2;2 Moderat;Nysnø;
2014-12-18;Narvik;2;2 Moderat;Nysnø;
2014-12-19;Narvik;2;2 Moderat;Nysnø;
2014-12-20;Narvik;1;1 Liten;Fokksnø;
2014-12-21;Narvik;1;1 Liten;Fokksnø;
2014-12-22;Narvik;1;1 Liten;Fokksnø;
2014-12-23;Narvik;1;1 Liten;Fokksnø;
2014-12-24;Narvik;1;1 Liten;Fokksnø;
2014-12-25;Narvik;3;3 Betydelig;Nysnø;Nysnø;
2014-12-26;Narvik;4;4 Stor;Nysnø;Nysnø;
2014-12-27;Narvik;3;3 Betydelig;Nysnø;Nysnø;
2014-12-28;Narvik;3;3 Betydelig;Nysnø;Nysnø;
2014-12-29;Narvik;3;3 Betydelig;Nysnø;Nysnø;
2014-12-30;Narvik;4;4 Stor;Våt snø;Nysnø;
2014-12-31;Narvik;3;3 Betydelig;Våt snø;Nysnø;
2015-01-01;Narvik;3;3 Betydelig;Nysnø;Våt snø;
2015-01-02;Narvik;3;3 Betydelig;Nysnø;
2015-01-03;Narvik;2;2 Moderat;Fokksnø;
2015-01-04;Narvik;2;2 Moderat;Fokksnø;
2015-01-05;Narvik;2;2 Moderat;Fokksnø;
2015-01-06;Narvik;2;2 Moderat;Fokksnø;
2015-01-07;Narvik;2;2 Moderat;Fokksnø;
2015-01-08;Narvik;2;2 Moderat;Fokksnø;Vedvarende svakt lag;
2015-01-09;Narvik;2;2 Moderat;Fokksnø;Vedvarende svakt lag;
2015-01-10;Narvik;2;2 Moderat;Fokksnø;Vedvarende svakt lag;
2015-01-11;Narvik;3;3 Betydelig;Nysnø;Vedvarende svakt lag;
2015-01-12;Narvik;2;2 Moderat;Nysnø;Vedvarende svakt lag;
2015-01-13;Narvik;2;2 Moderat;Nysnø;Vedvarende svakt lag;
2015-01-14;Narvik;2;2 Moderat;Nysnø;Vedvarende svakt lag;
2015-01-15;Narvik;2;2 Moderat;Nysnø;Vedvarende svakt lag;
2015-01-16;Narvik;2;2 Moderat;Fokksnø;
2015-01-17;Narvik;2;2 Moderat;Fokksnø;
2015-01-18;Narvik;2;2 Moderat;Fokksnø;
2015-01-19;Narvik;2;2 Moderat;Fokksnø;
2015-01-20;Narvik;1;1 Liten;Fokksnø;
2015-01-21;Narvik;1;1 Liten;Fokksnø;
2015-01-22;Narvik;1;1 Liten;Fokksnø;
2015-01-23;Narvik;1;1 Liten;Fokksnø;
2015-01-24;Narvik;1;1 Liten;Fokksnø;
2015-01-25;Narvik;1;1 Liten;Fokksnø;
2015-01-26;Narvik;2;2 Moderat;Fokksnø;
2015-01-27;Narvik;2;2 Moderat;Fokksnø;
2015-01-28;Narvik;2;2 Moderat;Fokksnø;
2015-01-29;Narvik;2;2 Moderat;Fokksnø;
2015-01-30;Narvik;2;2 Moderat;Fokksnø;Vedvarende svakt lag;
2015-01-31;Narvik;2;2 Moderat;Fokksnø;Vedvarende svakt lag;
2015-02-01;Narvik;2;2 Moderat;Fokksnø;Vedvarende svakt lag;
2015-02-02;Narvik;2;2 Moderat;Vedvarende svakt lag;
2015-02-03;Narvik;2;2 Moderat;Vedvarende svakt lag;
2015-02-04;Narvik;2;2 Moderat;Vedvarende svakt lag;
2015-02-05;Narvik;3;3 Betydelig;Vedvarende svakt lag;Nysnø;
2015-02-06;Narvik;3;3 Betydelig;Vedvarende svakt lag;Nysnø;
2015-02-07;Narvik;3;3 Betydelig;Nysnø;Vedvarende svakt lag;
2015-02-08;Narvik;3;3 Betydelig;Nysnø;Vedvarende svakt lag;
2015-02-09;Narvik;3;3 Betydelig;Våt snø;Nysnø;
2015-02-10;Narvik;3;3 Betydelig;Nysnø;Våt snø;
2015-02-11;Narvik;3;3 Betydelig;Nysnø;
2015-02-12;Narvik;3;3 Betydelig;Nysnø;
2015-02-13;Narvik;3;3 Betydelig;Nysnø;
2015-02-14;Narvik;3;3 Betydelig;Nysnø;Våt snø;
2015-02-15;Narvik;3;3 Betydelig;Fokksnø;
2015-02-16;Narvik;2;2 Moderat;Fokksnø;
2015-02-17;Narvik;2;2 Moderat;Fokksnø;
2015-02-18;Narvik;2;2 Moderat;Fokksnø;
2015-02-19;Narvik;3;3 Betydelig;Fokksnø;Våt snø;
2015-02-20;Narvik;3;3 Betydelig;Fokksnø;Våt snø;
2015-02-21;Narvik;3;3 Betydelig;Vedvarende svakt lag;Fokksnø;
2015-02-22;Narvik;2;2 Moderat;Vedvarende svakt lag;Nysnø;
2015-02-23;Narvik;2;2 Moderat;Vedvarende svakt lag;Nysnø;
2015-02-24;Narvik;2;2 Moderat;Vedvarende svakt lag;Nysnø;
2015-02-25;Narvik;2;2 Moderat;Fokksnø;Vedvarende svakt lag;
2015-02-26;Narvik;2;2 Moderat;Fokksnø;Vedvarende svakt lag;
2015-02-27;Narvik;2;2 Moderat;Fokksnø;Vedvarende svakt lag;
2015-02-28;Narvik;2;2 Moderat;Fokksnø;Vedvarende svakt lag;
2015-03-01;Narvik;2;2 Moderat;Fokksnø;Vedvarende svakt lag;
2015-03-02;Narvik;2;2 Moderat;Fokksnø;Vedvarende svakt lag;
2015-03-03;Narvik;2;2 Moderat;Fokksnø;
2015-03-04;Narvik;2;2 Moderat;Fokksnø;
2015-03-05;Narvik;2;2 Moderat;Fokksnø;
2015-03-06;Narvik;2;2 Moderat;Nysnø;
2015-03-07;Narvik;3;3 Betydelig;Vedvarende svakt lag;
2015-03-08;Narvik;3;3 Betydelig;Nysnø;Vedvarende svakt lag;
2015-03-09;Narvik;3;3 Betydelig;Nysnø;
2015-03-10;Narvik;3;3 Betydelig;Fokksnø;
2015-03-11;Narvik;2;2 Moderat;Fokksnø;
2015-03-12;Narvik;3;3 Betydelig;Fokksnø;
2015-03-13;Narvik;3;3 Betydelig;Fokksnø;Våt snø;
2015-03-14;Narvik;2;2 Moderat;Fokksnø;Våt snø;
2015-03-15;Narvik;2;2 Moderat;Fokksnø;
2015-03-16;Narvik;2;2 Moderat;Fokksnø;
2015-03-17;Narvik;2;2 Moderat;Fokksnø;Våt snø;
2015-03-18;Narvik;2;2 Moderat;Fokksnø;Våt snø;
2015-03-19;Narvik;3;3 Betydelig;Fokksnø;
2015-03-20;Narvik;2;2 Moderat;Fokksnø;
2015-03-21;Narvik;2;2 Moderat;Fokksnø;
2015-03-22;Narvik;3;3 Betydelig;Nysnø;Våt snø;
2015-03-23;Narvik;2;2 Moderat;Nysnø;
2015-03-24;Narvik;2;2 Moderat;Nysnø;Våt snø;
2015-03-25;Narvik;3;3 Betydelig;Nysnø;
2015-03-26;Narvik;3;3 Betydelig;Nysnø;Våt snø;
2015-03-27;Narvik;3;3 Betydelig;Nysnø;
2015-03-28;Narvik;2;2 Moderat;Fokksnø;
2015-03-29;Narvik;2;2 Moderat;Fokksnø;Nysnø;
2015-03-30;Narvik;2;2 Moderat;Fokksnø;Nysnø;
2015-03-31;Narvik;2;2 Moderat;Fokksnø;
2015-04-01;Narvik;2;2 Moderat;Fokksnø;Nysnø;
2015-04-02;Narvik;2;2 Moderat;Nysnø;Våt snø;
2015-04-03;Narvik;2;2 Moderat;Nysnø;
2015-04-04;Narvik;2;2 Moderat;Våt snø;Nysnø;
2015-04-05;Narvik;2;2 Moderat;Nysnø;
2015-04-06;Narvik;3;3 Betydelig;Vedvarende svakt lag;Våt snø;
2015-04-07;Narvik;3;3 Betydelig;Vedvarende svakt lag;Våt snø;
2015-04-08;Narvik;4;4 Stor;Fokksnø;Vedvarende svakt lag;
2015-04-09;Narvik;3;3 Betydelig;Fokksnø;Nysnø;Vedvarende svakt lag;
2015-04-10;Narvik;3;3 Betydelig;Fokksnø;Nysnø;Vedvarende svakt lag;
2015-04-11;Narvik;3;3 Betydelig;Fokksnø;Våt snø;
2015-04-12;Narvik;3;3 Betydelig;Fokksnø;Våt snø;
2015-04-13;Narvik;3;3 Betydelig;Fokksnø;
2015-04-14;Narvik;3;3 Betydelig;Fokksnø;Vedvarende svakt lag;Våt snø;
2015-04-15;Narvik;3;3 Betydelig;Fokksnø;Vedvarende svakt lag;Våt snø;
2015-04-16;Narvik;2;2 Moderat;Fokksnø;Vedvarende svakt lag;Våt snø;
2015-04-17;Narvik;3;3 Betydelig;Vedvarende svakt lag;Fokksnø;
2015-04-18;Narvik;3;3 Betydelig;Vedvarende svakt lag;Fokksnø;
2015-04-19;Narvik;2;2 Moderat;Fokksnø;Vedvarende svakt lag;
2015-04-20;Narvik;2;2 Moderat;Våt snø;Fokksnø;
2015-04-21;Narvik;2;2 Moderat;Våt snø;Fokksnø;
2015-04-22;Narvik;3;3 Betydelig;Nysnø;
2015-04-23;Narvik;2;2 Moderat;Nysnø;
2015-04-24;Narvik;2;2 Moderat;Fokksnø;
2015-04-25;Narvik;2;2 Moderat;Fokksnø;Våt snø;
2015-04-26;Narvik;2;2 Moderat;Våt snø;Fokksnø;
2015-04-27;Narvik;2;2 Moderat;Våt snø;Fokksnø;
2015-04-28;Narvik;2;2 Moderat;Våt snø;Fokksnø;
2015-04-29;Narvik;2;2 Moderat;Fokksnø;Våt snø;
2015-04-30;Narvik;2;2 Moderat;Fokksnø;Våt snø;
2015-05-01;Narvik;2;2 Moderat;Nysnø;
2015-05-02;Narvik;2;2 Moderat;Fokksnø;Våt snø;
2015-05-03;Narvik;2;2 Moderat;Våt snø;Fokksnø;
2015-05-04;Narvik;2;2 Moderat;Våt snø;Fokksnø;
2015-05-05;Narvik;2;2 Moderat;Våt snø;Fokksnø;
2015-05-06;Narvik;3;3 Betydelig;Våt snø;Fokksnø;
2015-05-07;Narvik;2;2 Moderat;Våt snø;Våt snø;
2015-05-08;Narvik;2;2 Moderat;Våt snø;Våt snø;
2015-05-09;Narvik;3;3 Betydelig;Våt snø;Nysnø;
2015-05-10;Narvik;2;2 Moderat;Nysnø;Våt snø;
2015-05-11;Narvik;2;2 Moderat;Nysnø;Våt snø;
2015-05-12;Narvik;2;2 Moderat;Nysnø;Våt snø;
2015-05-13;Narvik;1;1 Liten;Våt snø;
2015-05-14;Narvik;2;2 Moderat;Nysnø;
2015-05-15;Narvik;1;1 Liten;Våt snø;
2015-05-16;Narvik;1;1 Liten;Våt snø;
2015-05-17;Narvik;1;1 Liten;Våt snø;Nysnø;
2015-05-18;Narvik;1;1 Liten;Våt snø;
2015-05-19;Narvik;1;1 Liten;Våt snø;
2015-05-20;Narvik;1;1 Liten;Våt snø;
2015-05-21;Narvik;1;1 Liten;Nysnø;
2015-05-22;Narvik;1;1 Liten;Nysnø;
2015-05-23;Narvik;1;1 Liten;Nysnø;
2015-05-24;Narvik;2;2 Moderat;Nysnø;
2015-05-25;Narvik;1;1 Liten;Våt snø;
2015-05-26;Narvik;1;1 Liten;Våt snø;
2015-05-27;Narvik;1;1 Liten;Våt snø;
2015-05-28;Narvik;2;2 Moderat;Våt snø;
2015-05-29;Narvik;2;2 Moderat;Våt snø;
2015-05-30;Narvik;2;2 Moderat;Våt snø;
2015-05-31;Narvik;2;2 Moderat;Våt snø;Våt snø;
2015-06-01;Narvik;2;2 Moderat;
2015-12-02;Narvik;2;2 Moderat;Fokksnø;
2015-12-03;Narvik;2;2 Moderat;Nysnøflak;
2015-12-04;Narvik;2;2 Moderat;Nysnøflak;
2015-12-05;Narvik;2;2 Moderat;Fokksnø;
2015-12-06;Narvik;2;2 Moderat;Nysnøflak;
2015-12-07;Narvik;3;3 Betydelig;Nysnøflak;
2015-12-08;Narvik;2;2 Moderat;Nysnøflak;
2015-12-09;Narvik;3;3 Betydelig;Våte flakskred;Nysnøflak;
2015-12-10;Narvik;2;2 Moderat;Nysnøflak;
2015-12-11;Narvik;2;2 Moderat;Nysnøflak;
2015-12-12;Narvik;2;2 Moderat;Fokksnø;
2015-12-13;Narvik;2;2 Moderat;Nysnøflak;
2015-12-14;Narvik;2;2 Moderat;Nysnøflak;
2015-12-15;Narvik;3;3 Betydelig;Nysnøflak;
2015-12-16;Narvik;2;2 Moderat;Nysnøflak;
2015-12-17;Narvik;2;2 Moderat;Fokksnø;
2015-12-18;Narvik;3;3 Betydelig;Nysnøflak;
2015-12-19;Narvik;3;3 Betydelig;Nysnøflak;
2015-12-20;Narvik;2;2 Moderat;Nysnøflak;
2015-12-21;Narvik;2;2 Moderat;Nysnøflak;Vedvarende svakt lag;
2015-12-22;Narvik;2;2 Moderat;Nysnøflak;Vedvarende svakt lag;
2015-12-23;Narvik;2;2 Moderat;Nysnøflak;Vedvarende svakt lag;
2015-12-24;Narvik;3;3 Betydelig;Nysnøflak;Vedvarende svakt lag;
2015-12-25;Narvik;3;3 Betydelig;Nysnøflak;Vedvarende svakt lag;
2015-12-26;Narvik;3;3 Betydelig;Nysnøflak;Nysnøflak;
2015-12-27;Narvik;3;3 Betydelig;Nysnøflak;Nysnøflak;
2015-12-28;Narvik;2;2 Moderat;Nysnøflak;Nysnøflak;
2015-12-29;Narvik;2;2 Moderat;Fokksnø;Fokksnø;Vedvarende svakt lag;
2015-12-30;Narvik;2;2 Moderat;Fokksnø;Fokksnø;Vedvarende svakt lag;
2015-12-31;Narvik;2;2 Moderat;Fokksnø;Vedvarende svakt lag;
2016-01-01;Narvik;2;2 Moderat;Fokksnø;Vedvarende svakt lag;
2016-01-02;Narvik;2;2 Moderat;Vedvarende svakt lag;Fokksnø;
2016-01-03;Narvik;2;2 Moderat;Vedvarende svakt lag;Fokksnø;
2016-01-04;Narvik;2;2 Moderat;Vedvarende svakt lag;Fokksnø;
2016-01-05;Narvik;2;2 Moderat;Vedvarende svakt lag;Fokksnø;
2016-01-06;Narvik;2;2 Moderat;Vedvarende svakt lag;
2016-01-07;Narvik;2;2 Moderat;Vedvarende svakt lag;
2016-01-08;Narvik;2;2 Moderat;Vedvarende svakt lag;
2016-01-09;Narvik;2;2 Moderat;Vedvarende svakt lag;
2016-01-10;Narvik;2;2 Moderat;Fokksnø;Vedvarende svakt lag;
2016-01-11;Narvik;2;2 Moderat;Fokksnø;Vedvarende svakt lag;
2016-01-12;Narvik;2;2 Moderat;Vedvarende svakt lag;
2016-01-13;Narvik;2;2 Moderat;Vedvarende svakt lag;
2016-01-14;Narvik;2;2 Moderat;Vedvarende svakt lag;
2016-01-15;Narvik;2;2 Moderat;Vedvarende svakt lag;
2016-01-16;Narvik;2;2 Moderat;Vedvarende svakt lag;
2016-01-17;Narvik;2;2 Moderat;Vedvarende svakt lag;
2016-01-18;Narvik;2;2 Moderat;Vedvarende svakt lag;
2016-01-19;Narvik;2;2 Moderat;Nysnøflak;Vedvarende svakt lag;
2016-01-20;Narvik;2;2 Moderat;Fokksnø;Vedvarende svakt lag;
2016-01-21;Narvik;2;2 Moderat;Fokksnø;Vedvarende svakt lag;
2016-01-22;Narvik;3;3 Betydelig;Fokksnø;Vedvarende svakt lag;
2016-01-23;Narvik;3;3 Betydelig;Fokksnø;Vedvarende svakt lag;
2016-01-24;Narvik;2;2 Moderat;Fokksnø;Vedvarende svakt lag;
2016-01-25;Narvik;3;3 Betydelig;Fokksnø;Våte flakskred;
2016-01-26;Narvik;3;3 Betydelig;Fokksnø;Våte flakskred;
2016-01-27;Narvik;2;2 Moderat;Vedvarende svakt lag;Nysnøflak;
2016-01-28;Narvik;2;2 Moderat;Nysnøflak;
2016-01-29;Narvik;2;2 Moderat;Fokksnø;Vedvarende svakt lag;
2016-01-30;Narvik;3;3 Betydelig;Fokksnø;Vedvarende svakt lag;
2016-01-31;Narvik;3;3 Betydelig;Fokksnø;Nysnøflak;Vedvarende svakt lag;
2016-02-01;Narvik;2;2 Moderat;Fokksnø;Nysnøflak;Vedvarende svakt lag;
2016-02-02;Narvik;2;2 Moderat;Fokksnø;Vedvarende svakt lag;
2016-02-03;Narvik;2;2 Moderat;Fokksnø;Vedvarende svakt lag;
2016-02-04;Narvik;2;2 Moderat;Fokksnø;Vedvarende svakt lag;
2016-02-05;Narvik;2;2 Moderat;Fokksnø;Vedvarende svakt lag;
2016-02-06;Narvik;3;3 Betydelig;Fokksnø;Vedvarende svakt lag;
2016-02-07;Narvik;3;3 Betydelig;Fokksnø;Vedvarende svakt lag;
2016-02-08;Narvik;3;3 Betydelig;Fokksnø;Vedvarende svakt lag;
2016-02-09;Narvik;2;2 Moderat;Fokksnø;Vedvarende svakt lag;
2016-02-10;Narvik;2;2 Moderat;Fokksnø;Vedvarende svakt lag;
2016-02-11;Narvik;2;2 Moderat;Fokksnø;Vedvarende svakt lag;
2016-02-12;Narvik;2;2 Moderat;Fokksnø;Vedvarende svakt lag;
2016-02-13;Narvik;3;3 Betydelig;Fokksnø;Vedvarende svakt lag;
2016-02-14;Narvik;2;2 Moderat;Fokksnø;Vedvarende svakt lag;
2016-02-15;Narvik;3;3 Betydelig;Nysnøflak;Vedvarende svakt lag;
2016-02-16;Narvik;3;3 Betydelig;Nysnøflak;Vedvarende svakt lag;
2016-02-17;Narvik;3;3 Betydelig;Nysnøflak;Vedvarende svakt lag;
2016-02-18;Narvik;2;2 Moderat;Fokksnø;Vedvarende svakt lag;
2016-02-19;Narvik;2;2 Moderat;Fokksnø;Vedvarende svakt lag;
2016-02-20;Narvik;2;2 Moderat;Dypt vedvarende svakt lag;Fokksnø;
2016-02-21;Narvik;2;2 Moderat;Dypt vedvarende svakt lag;Fokksnø;
2016-02-22;Narvik;2;2 Moderat;Fokksnø;Dypt vedvarende svakt lag;
2016-02-23;Narvik;2;2 Moderat;Nysnøflak;Dypt vedvarende svakt lag;
2016-02-24;Narvik;2;2 Moderat;Nysnøflak;Dypt vedvarende svakt lag;
2016-02-25;Narvik;2;2 Moderat;Nysnøflak;Dypt vedvarende svakt lag;
2016-02-26;Narvik;2;2 Moderat;Nysnøflak;Dypt vedvarende svakt lag;
2016-02-27;Narvik;2;2 Moderat;Nysnøflak;Dypt vedvarende svakt lag;
2016-02-28;Narvik;2;2 Moderat;Nysnøflak;Dypt vedvarende svakt lag;
2016-02-29;Narvik;2;2 Moderat;Nysnøflak;Dypt vedvarende svakt lag;
2016-03-01;Narvik;3;3 Betydelig;Nysnøflak;Vedvarende svakt lag;
2016-03-02;Narvik;3;3 Betydelig;Nysnøflak;Dypt vedvarende svakt lag;
2016-03-03;Narvik;2;2 Moderat;Nysnøflak;Vedvarende svakt lag;
2016-03-04;Narvik;2;2 Moderat;Fokksnø;Dypt vedvarende svakt lag;
2016-03-05;Narvik;2;2 Moderat;Fokksnø;Dypt vedvarende svakt lag;
2016-03-06;Narvik;2;2 Moderat;Fokksnø;Dypt vedvarende svakt lag;
2016-03-07;Narvik;2;2 Moderat;Fokksnø;Dypt vedvarende svakt lag;
2016-03-08;Narvik;2;2 Moderat;Fokksnø;Dypt vedvarende svakt lag;
2016-03-09;Narvik;2;2 Moderat;Fokksnø;Dypt vedvarende svakt lag;
2016-03-10;Narvik;2;2 Moderat;Fokksnø;Dypt vedvarende svakt lag;
2016-03-11;Narvik;3;3 Betydelig;Nysnøflak;Våte flakskred;Dypt vedvarende svakt lag;
2016-03-12;Narvik;3;3 Betydelig;Våte løssnøskred ;Nysnøflak;Dypt vedvarende svakt lag;
2016-03-13;Narvik;3;3 Betydelig;Nysnøflak;Dypt vedvarende svakt lag;
2016-03-14;Narvik;2;2 Moderat;Nysnøflak;Dypt vedvarende svakt lag;
2016-03-15;Narvik;2;2 Moderat;Nysnøflak;Dypt vedvarende svakt lag;
2016-03-16;Narvik;3;3 Betydelig;Nysnøflak;Dypt vedvarende svakt lag;
2016-03-17;Narvik;3;3 Betydelig;Nysnøflak;Dypt vedvarende svakt lag;
2016-03-18;Narvik;3;3 Betydelig;Nysnøflak;Dypt vedvarende svakt lag;
2016-03-19;Narvik;3;3 Betydelig;Nysnøflak;Dypt vedvarende svakt lag;
2016-03-20;Narvik;2;2 Moderat;Nysnøflak;Dypt vedvarende svakt lag;
2016-03-21;Narvik;2;2 Moderat;Nysnøflak;Dypt vedvarende svakt lag;
2016-03-22;Narvik;2;2 Moderat;Nysnøflak;Dypt vedvarende svakt lag;
2016-03-23;Narvik;2;2 Moderat;Nysnøflak;Dypt vedvarende svakt lag;
2016-03-24;Narvik;2;2 Moderat;Nysnøflak;
2016-03-25;Narvik;2;2 Moderat;Nysnøflak;Våte løssnøskred ;
2016-03-26;Narvik;3;3 Betydelig;Nysnøflak;Våte løssnøskred ;
2016-03-27;Narvik;3;3 Betydelig;Våte flakskred;Nysnøflak;
2016-03-28;Narvik;2;2 Moderat;Fokksnø;
2016-03-29;Narvik;2;2 Moderat;Fokksnø;
2016-03-30;Narvik;2;2 Moderat;Fokksnø;
2016-03-31;Narvik;2;2 Moderat;Nysnøflak;
2016-04-01;Narvik;1;1 Liten;Våte løssnøskred ;
2016-04-02;Narvik;1;1 Liten;Våte løssnøskred ;
2016-04-03;Narvik;1;1 Liten;Nysnøflak;
2016-04-04;Narvik;1;1 Liten;Våte løssnøskred ;
2016-04-05;Narvik;1;1 Liten;Våte løssnøskred ;
2016-04-06;Narvik;1;1 Liten;Våte løssnøskred ;
2016-04-07;Narvik;2;2 Moderat;Nysnøflak;
2016-04-08;Narvik;2;2 Moderat;Nysnøflak;
2016-04-09;Narvik;1;1 Liten;Våte løssnøskred ;Nysnøflak;
2016-04-10;Narvik;1;1 Liten;Våte løssnøskred ;Nysnøflak;
2016-04-11;Narvik;2;2 Moderat;Våte løssnøskred ;
2016-04-12;Narvik;2;2 Moderat;Nysnøflak;
2016-04-13;Narvik;1;1 Liten;Nysnøflak;
2016-04-14;Narvik;2;2 Moderat;Nysnøflak;
2016-04-15;Narvik;2;2 Moderat;Fokksnø;Våte løssnøskred ;
2016-04-16;Narvik;2;2 Moderat;Fokksnø;
2016-04-17;Narvik;1;1 Liten;Våte løssnøskred ;Fokksnø;
2016-04-18;Narvik;1;1 Liten;Våte løssnøskred ;Fokksnø;
2016-04-19;Narvik;1;1 Liten;Våte løssnøskred ;Fokksnø;
2016-04-20;Narvik;1;1 Liten;Våte løssnøskred ;Fokksnø;
2016-04-21;Narvik;1;1 Liten;Våte løssnøskred ;
2016-04-22;Narvik;1;1 Liten;Vedvarende svakt lag;
2016-04-23;Narvik;1;1 Liten;Vedvarende svakt lag;
2016-04-24;Narvik;1;1 Liten;Vedvarende svakt lag;
2016-04-25;Narvik;2;2 Moderat;Fokksnø;Vedvarende svakt lag;
2016-04-26;Narvik;2;2 Moderat;Fokksnø;Vedvarende svakt lag;
2016-04-27;Narvik;2;2 Moderat;Våte flakskred;Våte løssnøskred ;
2016-04-28;Narvik;2;2 Moderat;Våte løssnøskred ;Våte flakskred;
2016-04-29;Narvik;2;2 Moderat;Våte løssnøskred ;Våte flakskred;
2016-04-30;Narvik;3;3 Betydelig;Våte løssnøskred ;Våte flakskred;
2016-05-01;Narvik;3;3 Betydelig;Våte løssnøskred ;Våte flakskred;
2016-05-02;Narvik;2;2 Moderat;Våte løssnøskred ;Våte flakskred;
2016-05-03;Narvik;2;2 Moderat;Våte løssnøskred ;Våte flakskred;
2016-05-04;Narvik;2;2 Moderat;Våte løssnøskred ;Våte flakskred;
2016-05-05;Narvik;2;2 Moderat;Våte løssnøskred ;Våte flakskred;
2016-05-06;Narvik;2;2 Moderat;Våte løssnøskred ;Våte flakskred;
2016-05-07;Narvik;2;2 Moderat;Nysnøflak;Våte flakskred;
2016-05-08;Narvik;2;2 Moderat;Nysnøflak;Våte flakskred;
2016-05-09;Narvik;2;2 Moderat;Nysnøflak;Våte flakskred;
2016-05-10;Narvik;2;2 Moderat;Nysnøflak;Våte flakskred;
2016-05-11;Narvik;1;1 Liten;Våte løssnøskred ;Nysnøflak;
2016-05-12;Narvik;2;2 Moderat;Våte løssnøskred ;Nysnøflak;
2016-05-13;Narvik;2;2 Moderat;Våte løssnøskred ;Nysnøflak;
2016-05-14;Narvik;2;2 Moderat;Våte løssnøskred ;Nysnøflak;
2016-05-15;Narvik;2;2 Moderat;Våte løssnøskred ;Nysnøflak;
2016-05-16;Narvik;2;2 Moderat;Nysnøflak;Våte løssnøskred ;
2016-05-17;Narvik;2;2 Moderat;Nysnøflak;Våte løssnøskred ;
2016-05-18;Narvik;2;2 Moderat;Nysnøflak;Våte løssnøskred ;
2016-05-19;Narvik;2;2 Moderat;Nysnøflak;Våte løssnøskred ;
2016-05-20;Narvik;1;1 Liten;Våte løssnøskred ;
2016-05-21;Narvik;2;2 Moderat;Våte løssnøskred ;Fokksnø;
2016-05-22;Narvik;2;2 Moderat;Våte løssnøskred ;Våte flakskred;
2016-05-23;Narvik;2;2 Moderat;Våte løssnøskred ;Våte flakskred;
2016-05-24;Narvik;2;2 Moderat;Nysnøflak;Våte løssnøskred ;
2016-05-25;Narvik;2;2 Moderat;Nysnøflak;Våte løssnøskred ;
2016-05-26;Narvik;2;2 Moderat;Våte løssnøskred ;
2016-05-27;Narvik;2;2 Moderat;Våte løssnøskred ;
2016-05-28;Narvik;1;1 Liten;Våte løssnøskred ;
2016-05-29;Narvik;1;1 Liten;Våte løssnøskred ;
2016-05-30;Narvik;1;1 Liten;Våte løssnøskred ;
2016-05-31;Narvik;1;1 Liten;Våte løssnøskred ;
2016-12-02;Ofoten;2;2 Moderat;Fokksnø;
2016-12-03;Ofoten;2;2 Moderat;Fokksnø;
2016-12-04;Ofoten;3;3 Betydelig;Våte løssnøskred ;Nysnøflak;
2016-12-05;Ofoten;3;3 Betydelig;Nysnøflak;
2016-12-06;Ofoten;3;3 Betydelig;Nysnøflak;Våte løssnøskred ;
2016-12-07;Ofoten;3;3 Betydelig;Nysnøflak;Våte løssnøskred ;
2016-12-08;Ofoten;2;2 Moderat;Nysnøflak;
2016-12-09;Ofoten;2;2 Moderat;Fokksnø;
2016-12-10;Ofoten;2;2 Moderat;Nysnøflak;Fokksnø;
2016-12-11;Ofoten;3;3 Betydelig;Nysnøflak;
2016-12-12;Ofoten;3;3 Betydelig;Nysnøflak;
2016-12-13;Ofoten;3;3 Betydelig;Nysnøflak;Våte løssnøskred ;
2016-12-14;Ofoten;3;3 Betydelig;Nysnøflak;Våte løssnøskred ;
2016-12-15;Ofoten;3;3 Betydelig;Nysnøflak;Våte flakskred;
2016-12-16;Ofoten;2;2 Moderat;Våte flakskred;Nysnøflak;
2016-12-17;Ofoten;2;2 Moderat;Nysnøflak;Våte flakskred;
2016-12-18;Ofoten;2;2 Moderat;Nysnøflak;Våte flakskred;
2016-12-19;Ofoten;3;3 Betydelig;Våte flakskred;Våte løssnøskred ;
2016-12-20;Ofoten;2;2 Moderat;Våte løssnøskred ;
2016-12-21;Ofoten;1;1 Liten;Nysnøflak;
2016-12-22;Ofoten;2;2 Moderat;Nysnøflak;
2016-12-23;Ofoten;2;2 Moderat;Nysnøflak;
2016-12-24;Ofoten;3;3 Betydelig;Nysnøflak;
2016-12-25;Ofoten;2;2 Moderat;Fokksnø;
2016-12-26;Ofoten;3;3 Betydelig;Nysnøflak;
2016-12-27;Ofoten;3;3 Betydelig;Nysnøflak;
2016-12-28;Ofoten;3;3 Betydelig;Nysnøflak;Våte løssnøskred ;
2016-12-29;Ofoten;2;2 Moderat;Nysnøflak;
2016-12-30;Ofoten;3;3 Betydelig;Våte flakskred;Nysnøflak;
2016-12-31;Ofoten;3;3 Betydelig;Nysnøflak;
2017-01-01;Ofoten;2;2 Moderat;Fokksnø;
2017-01-02;Ofoten;2;2 Moderat;Fokksnø;Nysnøflak;
2017-01-03;Ofoten;3;3 Betydelig;Fokksnø;
2017-01-04;Ofoten;2;2 Moderat;Fokksnø;
2017-01-05;Ofoten;2;2 Moderat;Fokksnø;
2017-01-06;Ofoten;3;3 Betydelig;Nysnøflak;
2017-01-07;Ofoten;3;3 Betydelig;Nysnøflak;
2017-01-08;Ofoten;3;3 Betydelig;Nysnøflak;
2017-01-09;Ofoten;3;3 Betydelig;Nysnøflak;
2017-01-10;Ofoten;3;3 Betydelig;Nysnøflak;
2017-01-11;Ofoten;2;2 Moderat;Fokksnø;
2017-01-12;Ofoten;2;2 Moderat;Fokksnø;
2017-01-13;Ofoten;2;2 Moderat;Fokksnø;
2017-01-14;Ofoten;2;2 Moderat;Nysnøflak;
2017-01-15;Ofoten;2;2 Moderat;Nysnøflak;
2017-01-16;Ofoten;2;2 Moderat;Fokksnø;
2017-01-17;Ofoten;3;3 Betydelig;Fokksnø;
2017-01-18;Ofoten;3;3 Betydelig;Fokksnø;Våte løssnøskred ;
2017-01-19;Ofoten;3;3 Betydelig;Fokksnø;
2017-01-20;Ofoten;3;3 Betydelig;Fokksnø;
2017-01-21;Ofoten;3;3 Betydelig;Fokksnø;Våte flakskred;
2017-01-22;Ofoten;3;3 Betydelig;Våte flakskred;Fokksnø;
2017-01-23;Ofoten;3;3 Betydelig;Fokksnø;
2017-01-24;Ofoten;3;3 Betydelig;Nysnøflak;
2017-01-25;Ofoten;4;4 Stor;Våte flakskred;Fokksnø;
2017-01-26;Ofoten;4;4 Stor;Våte flakskred;Fokksnø;
2017-01-27;Ofoten;3;3 Betydelig;Glideskred;
2017-01-28;Ofoten;2;2 Moderat;Glideskred;
2017-01-29;Ofoten;3;3 Betydelig;Nysnøflak;Nysnøflak;
2017-01-30;Ofoten;3;3 Betydelig;Nysnøflak;Fokksnø;
2017-01-31;Ofoten;2;2 Moderat;Fokksnø;
2017-02-01;Ofoten;2;2 Moderat;Fokksnø;
2017-02-02;Ofoten;2;2 Moderat;Fokksnø;
2017-02-03;Ofoten;2;2 Moderat;Fokksnø;
2017-02-04;Ofoten;2;2 Moderat;Fokksnø;
2017-02-05;Ofoten;2;2 Moderat;Fokksnø;
2017-02-06;Ofoten;2;2 Moderat;Fokksnø;
2017-02-07;Ofoten;2;2 Moderat;Fokksnø;
2017-02-08;Ofoten;2;2 Moderat;Fokksnø;
2017-02-09;Ofoten;2;2 Moderat;Fokksnø;
2017-02-10;Ofoten;2;2 Moderat;Fokksnø;
2017-02-11;Ofoten;2;2 Moderat;Vedvarende svakt lag;
2017-02-12;Ofoten;3;3 Betydelig;Vedvarende svakt lag;Våte løssnøskred ;
2017-02-13;Ofoten;3;3 Betydelig;Vedvarende svakt lag;Våte løssnøskred ;
2017-02-14;Ofoten;3;3 Betydelig;Vedvarende svakt lag;Fokksnø;
2017-02-15;Ofoten;3;3 Betydelig;Vedvarende svakt lag;Fokksnø;
2017-02-16;Ofoten;2;2 Moderat;Nysnøflak;Vedvarende svakt lag;
2017-02-17;Ofoten;3;3 Betydelig;Fokksnø;
2017-02-18;Ofoten;3;3 Betydelig;Fokksnø;
2017-02-19;Ofoten;3;3 Betydelig;Fokksnø;
2017-02-20;Ofoten;3;3 Betydelig;Fokksnø;
2017-02-21;Ofoten;3;3 Betydelig;Fokksnø;
2017-02-22;Ofoten;2;2 Moderat;Fokksnø;
2017-02-23;Ofoten;2;2 Moderat;Fokksnø;
2017-02-24;Ofoten;2;2 Moderat;Nysnøflak;
2017-02-25;Ofoten;3;3 Betydelig;Fokksnø;
2017-02-26;Ofoten;3;3 Betydelig;Fokksnø;
2017-02-27;Ofoten;3;3 Betydelig;Fokksnø;
2017-02-28;Ofoten;3;3 Betydelig;Fokksnø;
2017-03-01;Ofoten;2;2 Moderat;Fokksnø;
2017-03-02;Ofoten;2;2 Moderat;Fokksnø;
2017-03-03;Ofoten;2;2 Moderat;Fokksnø;
2017-03-04;Ofoten;2;2 Moderat;Fokksnø;
2017-03-05;Ofoten;2;2 Moderat;Fokksnø;Vedvarende svakt lag;
2017-03-06;Ofoten;2;2 Moderat;Fokksnø;Vedvarende svakt lag;
2017-03-07;Ofoten;2;2 Moderat;Fokksnø;Vedvarende svakt lag;
2017-03-08;Ofoten;2;2 Moderat;Vedvarende svakt lag;Fokksnø;
2017-03-09;Ofoten;2;2 Moderat;Vedvarende svakt lag;Vedvarende svakt lag;
2017-03-10;Ofoten;2;2 Moderat;Nysnøflak;Vedvarende svakt lag;
2017-03-11;Ofoten;3;3 Betydelig;Nysnøflak;Vedvarende svakt lag;
2017-03-12;Ofoten;3;3 Betydelig;Nysnøflak;Vedvarende svakt lag;
2017-03-13;Ofoten;3;3 Betydelig;Nysnøflak;Vedvarende svakt lag;
2017-03-14;Ofoten;3;3 Betydelig;Fokksnø;Vedvarende svakt lag;
2017-03-15;Ofoten;3;3 Betydelig;Fokksnø;Vedvarende svakt lag;
2017-03-16;Ofoten;3;3 Betydelig;Fokksnø;Vedvarende svakt lag;Våte løssnøskred ;
2017-03-17;Ofoten;2;2 Moderat;Fokksnø;Vedvarende svakt lag;
2017-03-18;Ofoten;2;2 Moderat;Fokksnø;
2017-03-19;Ofoten;2;2 Moderat;Fokksnø;
2017-03-20;Ofoten;3;3 Betydelig;Fokksnø;
2017-03-21;Ofoten;3;3 Betydelig;Fokksnø;
2017-03-22;Ofoten;2;2 Moderat;Fokksnø;
2017-03-23;Ofoten;2;2 Moderat;Nysnøflak;
2017-03-24;Ofoten;2;2 Moderat;Nysnøflak;
2017-03-25;Ofoten;3;3 Betydelig;Våte flakskred;Fokksnø;
2017-03-26;Ofoten;4;4 Stor;Fokksnø;Våte løssnøskred ;
2017-03-27;Ofoten;3;3 Betydelig;Fokksnø;
2017-03-28;Ofoten;3;3 Betydelig;Nysnøflak;
2017-03-29;Ofoten;3;3 Betydelig;Nysnøflak;
2017-03-30;Ofoten;3;3 Betydelig;Fokksnø;
2017-03-31;Ofoten;3;3 Betydelig;Fokksnø;
2017-04-01;Ofoten;2;2 Moderat;Fokksnø;
2017-04-02;Ofoten;2;2 Moderat;Fokksnø;
2017-04-03;Ofoten;4;4 Stor;Våte flakskred;Nysnøflak;
2017-04-04;Ofoten;4;4 Stor;Våte flakskred;Nysnøflak;Vedvarende svakt lag;
2017-04-05;Ofoten;3;3 Betydelig;Nysnøflak;Dypt vedvarende svakt lag;
2017-04-06;Ofoten;2;2 Moderat;Nysnøflak;Dypt vedvarende svakt lag;
2017-04-07;Ofoten;2;2 Moderat;Nysnøflak;Dypt vedvarende svakt lag;
2017-04-08;Ofoten;2;2 Moderat;Nysnøflak;
2017-04-09;Ofoten;2;2 Moderat;Nysnøflak;
2017-04-10;Ofoten;2;2 Moderat;Nysnøflak;
2017-04-11;Ofoten;2;2 Moderat;Nysnøflak;
2017-04-12;Ofoten;2;2 Moderat;Nysnøflak;Våte løssnøskred ;
2017-04-13;Ofoten;2;2 Moderat;Fokksnø;Våte løssnøskred ;
2017-04-14;Ofoten;2;2 Moderat;Fokksnø;Våte løssnøskred ;
2017-04-15;Ofoten;2;2 Moderat;Fokksnø;Våte løssnøskred ;
2017-04-16;Ofoten;2;2 Moderat;Fokksnø;Våte løssnøskred ;
2017-04-17;Ofoten;2;2 Moderat;Fokksnø;Våte løssnøskred ;
2017-04-18;Ofoten;2;2 Moderat;Fokksnø;
2017-04-19;Ofoten;3;3 Betydelig;Nysnøflak;Vedvarende svakt lag;
2017-04-20;Ofoten;3;3 Betydelig;Nysnøflak;Vedvarende svakt lag;
2017-04-21;Ofoten;2;2 Moderat;Nysnøflak;Vedvarende svakt lag;
2017-04-22;Ofoten;3;3 Betydelig;Vedvarende svakt lag;Nysnøflak;
2017-04-23;Ofoten;2;2 Moderat;Vedvarende svakt lag;Våte løssnøskred ;
2017-04-24;Ofoten;2;2 Moderat;Vedvarende svakt lag;Våte løssnøskred ;
2017-04-25;Ofoten;2;2 Moderat;Vedvarende svakt lag;Våte løssnøskred ;
2017-04-26;Ofoten;2;2 Moderat;Vedvarende svakt lag;Våte løssnøskred ;
2017-04-27;Ofoten;2;2 Moderat;Vedvarende svakt lag;Våte løssnøskred ;
2017-04-28;Ofoten;2;2 Moderat;Vedvarende svakt lag;Våte løssnøskred ;
2017-04-29;Ofoten;2;2 Moderat;Vedvarende svakt lag;Våte løssnøskred ;
2017-04-30;Ofoten;2;2 Moderat;Vedvarende svakt lag;Våte løssnøskred ;
2017-05-01;Ofoten;3;3 Betydelig;Nysnøflak;Vedvarende svakt lag;Tørre løssnøskred;
2017-05-02;Ofoten;3;3 Betydelig;Nysnøflak;Vedvarende svakt lag;
2017-05-03;Ofoten;2;2 Moderat;Nysnøflak;Vedvarende svakt lag;
2017-05-04;Ofoten;3;3 Betydelig;Våte flakskred;Vedvarende svakt lag;
2017-05-05;Ofoten;2;2 Moderat;Fokksnø;Vedvarende svakt lag;
2017-05-06;Ofoten;2;2 Moderat;Fokksnø;Dypt vedvarende svakt lag;
2017-05-07;Ofoten;1;1 Liten;Fokksnø;
2017-05-08;Ofoten;2;2 Moderat;Fokksnø;
2017-05-09;Ofoten;2;2 Moderat;Våte løssnøskred ;Fokksnø;
2017-05-10;Ofoten;1;1 Liten;Våte løssnøskred ;
2017-05-11;Ofoten;1;1 Liten;Våte løssnøskred ;
2017-05-12;Ofoten;1;1 Liten;Våte løssnøskred ;
2017-05-13;Ofoten;1;1 Liten;Våte løssnøskred ;
2017-05-14;Ofoten;1;1 Liten;Våte løssnøskred ;
2017-05-15;Ofoten;2;2 Moderat;Våte løssnøskred ;
2017-05-16;Ofoten;2;2 Moderat;Våte løssnøskred ;Våte flakskred;
2017-05-17;Ofoten;2;2 Moderat;Våte flakskred;Våte løssnøskred ;
2017-05-18;Ofoten;2;2 Moderat;Våte løssnøskred ;Våte flakskred;
2017-05-19;Ofoten;2;2 Moderat;Våte løssnøskred ;Våte flakskred;
2017-05-20;Ofoten;1;1 Liten;Våte løssnøskred ;Våte flakskred;
2017-05-21;Ofoten;1;1 Liten;Våte løssnøskred ;Våte flakskred;
2017-05-22;Ofoten;1;1 Liten;Våte løssnøskred ;Glideskred;
2017-05-23;Ofoten;1;1 Liten;Våte løssnøskred ;Glideskred;
2017-05-24;Ofoten;1;1 Liten;Våte løssnøskred ;Glideskred;
2017-05-25;Ofoten;2;2 Moderat;Nysnøflak;Våte løssnøskred ;
2017-05-26;Ofoten;2;2 Moderat;Nysnøflak;Våte løssnøskred ;
2017-05-27;Ofoten;1;1 Liten;Våte løssnøskred ;Glideskred;
2017-05-28;Ofoten;2;2 Moderat;Nysnøflak;
2017-05-29;Ofoten;2;2 Moderat;Våte flakskred;Glideskred;
2017-05-30;Ofoten;1;1 Liten;Våte løssnøskred ;
2017-05-31;Ofoten;2;2 Moderat;Nysnøflak;Våte løssnøskred ;
2017-12-01;Ofoten;2;2 Moderat;Vedvarende svakt lag;
2017-12-02;Ofoten;2;2 Moderat;Fokksnø;Vedvarende svakt lag;
2017-12-03;Ofoten;3;3 Betydelig;Fokksnø;Vedvarende svakt lag;
2017-12-04;Ofoten;2;2 Moderat;Fokksnø;Vedvarende svakt lag;
2017-12-05;Ofoten;3;3 Betydelig;Fokksnø;Vedvarende svakt lag;
2017-12-06;Ofoten;3;3 Betydelig;Fokksnø;Vedvarende svakt lag;
2017-12-07;Ofoten;3;3 Betydelig;Fokksnø;Vedvarende svakt lag;
2017-12-08;Ofoten;3;3 Betydelig;Fokksnø;Vedvarende svakt lag;
2017-12-09;Ofoten;2;2 Moderat;Fokksnø;Vedvarende svakt lag;
2017-12-10;Ofoten;2;2 Moderat;Fokksnø;Vedvarende svakt lag;
2017-12-11;Ofoten;2;2 Moderat;Fokksnø;
2017-12-12;Ofoten;2;2 Moderat;Fokksnø;
2017-12-13;Ofoten;2;2 Moderat;Fokksnø;Nysnøflak;
2017-12-14;Ofoten;2;2 Moderat;Nysnøflak;Fokksnø;
2017-12-15;Ofoten;2;2 Moderat;Fokksnø;
2017-12-16;Ofoten;2;2 Moderat;Nysnøflak;
2017-12-17;Ofoten;2;2 Moderat;Fokksnø;
2017-12-18;Ofoten;2;2 Moderat;Nysnøflak;
2017-12-19;Ofoten;3;3 Betydelig;Våte flakskred;
2017-12-20;Ofoten;3;3 Betydelig;Våte flakskred;Fokksnø;
2017-12-21;Ofoten;3;3 Betydelig;Fokksnø;
2017-12-22;Ofoten;3;3 Betydelig;Fokksnø;
2017-12-23;Ofoten;3;3 Betydelig;Fokksnø;
2017-12-24;Ofoten;3;3 Betydelig;Fokksnø;
2017-12-25;Ofoten;2;2 Moderat;Nysnøflak;Nysnøflak;
2017-12-26;Ofoten;2;2 Moderat;Nysnøflak;Nysnøflak;
2017-12-27;Ofoten;1;1 Liten;Nysnøflak;Nysnøflak;
2017-12-28;Ofoten;1;1 Liten;Nysnøflak;Nysnøflak;
2017-12-29;Ofoten;2;2 Moderat;Fokksnø;
2017-12-30;Ofoten;2;2 Moderat;Fokksnø;
2017-12-31;Ofoten;2;2 Moderat;Fokksnø;
2018-01-01;Ofoten;2;2 Moderat;Fokksnø;
2018-01-02;Ofoten;2;2 Moderat;Fokksnø;
2018-01-03;Ofoten;2;2 Moderat;Fokksnø;
2018-01-04;Ofoten;2;2 Moderat;Fokksnø;
2018-01-05;Ofoten;2;2 Moderat;Fokksnø;
2018-01-06;Ofoten;2;2 Moderat;Fokksnø;
2018-01-07;Ofoten;2;2 Moderat;Fokksnø;
2018-01-08;Ofoten;3;3 Betydelig;Fokksnø;
2018-01-09;Ofoten;4;4 Stor;Våte flakskred;Fokksnø;
2018-01-10;Ofoten;3;3 Betydelig;Fokksnø;
2018-01-11;Ofoten;2;2 Moderat;Fokksnø;
2018-01-12;Ofoten;2;2 Moderat;Fokksnø;
2018-01-13;Ofoten;2;2 Moderat;Fokksnø;
2018-01-14;Ofoten;2;2 Moderat;Fokksnø;Vedvarende svakt lag;
2018-01-15;Ofoten;2;2 Moderat;Fokksnø;Vedvarende svakt lag;
2018-01-16;Ofoten;2;2 Moderat;Fokksnø;Vedvarende svakt lag;
2018-01-17;Ofoten;2;2 Moderat;Fokksnø;Vedvarende svakt lag;
2018-01-18;Ofoten;2;2 Moderat;Fokksnø;Vedvarende svakt lag;
2018-01-19;Ofoten;2;2 Moderat;Fokksnø;Vedvarende svakt lag;
2018-01-20;Ofoten;2;2 Moderat;Fokksnø;Vedvarende svakt lag;
2018-01-21;Ofoten;1;1 Liten;Fokksnø;Vedvarende svakt lag;
2018-01-22;Ofoten;1;1 Liten;Fokksnø;Vedvarende svakt lag;
2018-01-23;Ofoten;1;1 Liten;Vedvarende svakt lag;
2018-01-24;Ofoten;1;1 Liten;Vedvarende svakt lag;
2018-01-25;Ofoten;1;1 Liten;Vedvarende svakt lag;
2018-01-26;Ofoten;1;1 Liten;Vedvarende svakt lag;
2018-01-27;Ofoten;1;1 Liten;Vedvarende svakt lag;
2018-01-28;Ofoten;1;1 Liten;Vedvarende svakt lag;
2018-01-29;Ofoten;1;1 Liten;Vedvarende svakt lag;
2018-01-30;Ofoten;1;1 Liten;Vedvarende svakt lag;
2018-01-31;Ofoten;1;1 Liten;Vedvarende svakt lag;
2018-02-01;Ofoten;1;1 Liten;Vedvarende svakt lag;
2018-02-02;Ofoten;1;1 Liten;Vedvarende svakt lag;
2018-02-03;Ofoten;1;1 Liten;Vedvarende svakt lag;
2018-02-04;Ofoten;1;1 Liten;Vedvarende svakt lag;
2018-02-05;Ofoten;1;1 Liten;Vedvarende svakt lag;
2018-02-06;Ofoten;1;1 Liten;Vedvarende svakt lag;
2018-02-07;Ofoten;1;1 Liten;Vedvarende svakt lag;
2018-02-08;Ofoten;1;1 Liten;Vedvarende svakt lag;
2018-02-09;Ofoten;1;1 Liten;Fokksnø;
2018-02-10;Ofoten;1;1 Liten;Fokksnø;
2018-02-11;Ofoten;1;1 Liten;Fokksnø;
2018-02-12;Ofoten;1;1 Liten;Fokksnø;
2018-02-13;Ofoten;1;1 Liten;Fokksnø;
2018-02-14;Ofoten;1;1 Liten;Fokksnø;
2018-02-15;Ofoten;1;1 Liten;Fokksnø;
2018-02-16;Ofoten;1;1 Liten;Fokksnø;
2018-02-17;Ofoten;1;1 Liten;Fokksnø;
2018-02-18;Ofoten;1;1 Liten;Fokksnø;
2018-02-19;Ofoten;1;1 Liten;Fokksnø;
2018-02-20;Ofoten;1;1 Liten;Fokksnø;
2018-02-21;Ofoten;1;1 Liten;Fokksnø;
2018-02-22;Ofoten;1;1 Liten;Vedvarende svakt lag;
2018-02-23;Ofoten;1;1 Liten;Vedvarende svakt lag;
2018-02-24;Ofoten;1;1 Liten;Vedvarende svakt lag;
2018-02-25;Ofoten;2;2 Moderat;Vedvarende svakt lag;
2018-02-26;Ofoten;2;2 Moderat;Vedvarende svakt lag;
2018-02-27;Ofoten;2;2 Moderat;Vedvarende svakt lag;
2018-02-28;Ofoten;2;2 Moderat;Vedvarende svakt lag;
2018-03-01;Ofoten;2;2 Moderat;Vedvarende svakt lag;
2018-03-02;Ofoten;2;2 Moderat;Vedvarende svakt lag;
2018-03-03;Ofoten;2;2 Moderat;Vedvarende svakt lag;
2018-03-04;Ofoten;2;2 Moderat;Vedvarende svakt lag;
2018-03-05;Ofoten;2;2 Moderat;Fokksnø;Vedvarende svakt lag;
2018-03-06;Ofoten;2;2 Moderat;Fokksnø;Vedvarende svakt lag;
2018-03-07;Ofoten;2;2 Moderat;Fokksnø;Vedvarende svakt lag;
2018-03-08;Ofoten;2;2 Moderat;Fokksnø;Vedvarende svakt lag;
2018-03-09;Ofoten;2;2 Moderat;Fokksnø;Vedvarende svakt lag;
2018-03-10;Ofoten;2;2 Moderat;Fokksnø;Vedvarende svakt lag;
2018-03-11;Ofoten;2;2 Moderat;Fokksnø;Vedvarende svakt lag;
2018-03-12;Ofoten;2;2 Moderat;Nysnøflak;Vedvarende svakt lag;
2018-03-13;Ofoten;2;2 Moderat;Nysnøflak;Vedvarende svakt lag;
2018-03-14;Ofoten;2;2 Moderat;Vedvarende svakt lag;Fokksnø;
2018-03-15;Ofoten;2;2 Moderat;Fokksnø;Vedvarende svakt lag;
2018-03-16;Ofoten;2;2 Moderat;Vedvarende svakt lag;
2018-03-17;Ofoten;3;3 Betydelig;Fokksnø;Vedvarende svakt lag;Våte flakskred;
2018-03-18;Ofoten;4;4 Stor;Fokksnø;Vedvarende svakt lag;
2018-03-19;Ofoten;3;3 Betydelig;Fokksnø;Vedvarende svakt lag;
2018-03-20;Ofoten;3;3 Betydelig;Fokksnø;Vedvarende svakt lag;
2018-03-21;Ofoten;3;3 Betydelig;Vedvarende svakt lag;Fokksnø;
2018-03-22;Ofoten;3;3 Betydelig;Vedvarende svakt lag;Fokksnø;
2018-03-23;Ofoten;3;3 Betydelig;Vedvarende svakt lag;Fokksnø;
2018-03-24;Ofoten;3;3 Betydelig;Vedvarende svakt lag;Fokksnø;Våte løssnøskred ;
2018-03-25;Ofoten;3;3 Betydelig;Vedvarende svakt lag;Fokksnø;
2018-03-26;Ofoten;3;3 Betydelig;Vedvarende svakt lag;Fokksnø;
2018-03-27;Ofoten;3;3 Betydelig;Vedvarende svakt lag;Fokksnø;
2018-03-28;Ofoten;3;3 Betydelig;Vedvarende svakt lag;Fokksnø;
2018-03-29;Ofoten;3;3 Betydelig;Vedvarende svakt lag;Fokksnø;
2018-03-30;Ofoten;3;3 Betydelig;Vedvarende svakt lag;Fokksnø;
2018-03-31;Ofoten;3;3 Betydelig;Vedvarende svakt lag;Fokksnø;
2018-04-01;Ofoten;3;3 Betydelig;Nysnøflak;Vedvarende svakt lag;
2018-04-02;Ofoten;3;3 Betydelig;Nysnøflak;Vedvarende svakt lag;
2018-04-03;Ofoten;3;3 Betydelig;Vedvarende svakt lag;Nysnøflak;
2018-04-04;Ofoten;3;3 Betydelig;Vedvarende svakt lag;Nysnøflak;
2018-04-05;Ofoten;3;3 Betydelig;Vedvarende svakt lag;Nysnøflak;
2018-04-06;Ofoten;3;3 Betydelig;Vedvarende svakt lag;Fokksnø;Vedvarende svakt lag;
2018-04-07;Ofoten;3;3 Betydelig;Vedvarende svakt lag;Fokksnø;Vedvarende svakt lag;
2018-04-08;Ofoten;3;3 Betydelig;Vedvarende svakt lag;Fokksnø;Vedvarende svakt lag;
2018-04-09;Ofoten;3;3 Betydelig;Vedvarende svakt lag;Fokksnø;
2018-04-10;Ofoten;3;3 Betydelig;Vedvarende svakt lag;Fokksnø;
2018-04-11;Ofoten;2;2 Moderat;
