Dato ;Region ;Kommune ;Dødsfall ;Alvorsgrad ;Involverte ;Aktivitet ;Faregrad ;Skredproblem 1 ;Skredtype 1 ;Svaktlag 1 ;Skredproblem 2 ;Skredtype 2 ;Svaktlag 2 ;Skredproblem 3 ;Skredtype 3 ;Svaktlag 3 ;Kommentar ;regObs
2018-05-10 ;Lyngen ;Lyngen ;0 ; ;1 ;Ski ;3 ;Våte løssnøskred  ;Våte løssnøskred  ;Ubunden snø ;Våte flakskred ;Våte flakskred ;Opphopning av vann i/over lag i snødekket ;Våte flakskred ;Våte flakskred ;Kantkornet snø under skarelag ;Skiløperutløst skred. Ingen tatt. Ingen skadet. ;164270
2018-05-04 ;Nord-Troms ;Skjervøy ;0 ; ;1 ;Ski ;2 ;Våte løssnøskred  ;Våte løssnøskred  ;Ubunden snø ;Vedvarende svakt lag ;Tørre flakskred ;Kantkornet snø under skarelag ; ; ; ;Skiløperutløst lite skred. Ingen tatt. Ingen skadet. ;163617
2018-05-03 ;Jotunheimen ;Lom ;0 ;Nestenulykke ;1 ;Ski ;2 ;Nysnøflak ;Tørre flakskred ;Nedføyket svakt lag med nysnø ;Våte løssnøskred  ;Våte løssnøskred  ;Ubunden snø ; ; ; ;Skiløperutløst skred. Ble ført med skredmassene 150 meter. Ikke begravd. Ikke skadet. ;163544
2018-05-03 ;Lyngen ;Lyngen ;0 ;Påvirket ingenting ;1 ;Ski ;2 ;Våte løssnøskred  ;Våte løssnøskred  ;Ubunden snø ;Vedvarende svakt lag ;Tørre flakskred ;Kantkornet snø under skarelag ; ; ; ;Skiløperutløst lite skred. Ingen tatt. Ingen skadet. ;163491
2018-05-02 ;Nordenskiöld Land ;Svalbard ;0 ; ;1 ;Ski ;2 ;Nysnøflak ;Tørre flakskred ;Nedføyket svakt lag med nysnø ;Vedvarende svakt lag ;Tørre flakskred ;Nedsnødd eller nedføyket kantkornet snø ; ; ; ;Skiløperutløst lite skred. Ingen tatt. Ingen skadet. ;163360
2018-05-01 ;Lyngen ;Lyngen ;0 ;Påvirket ingenting ;1 ;Ski ;2 ;Våte løssnøskred  ;Våte løssnøskred  ;Ubunden snø ;Vedvarende svakt lag ;Tørre flakskred ;Kantkornet snø under skarelag ; ; ; ;Skiløperutløst lite skred. Ingen tatt. Ingen skadet. ;163322
2018-05-01 ;Tromsø ;Tromsø ;0 ; ;1 ;Ski ;2 ;Våte løssnøskred  ;Våte løssnøskred  ;Ubunden snø ;Vedvarende svakt lag ;Tørre flakskred ;Kantkornet snø under skarelag ; ; ; ;Skiløperutløst lite skred. Ingen tatt. Ingen skadet ;163213
2018-04-30 ;Lyngen ;Lyngen ;0 ; ;2 ;Ski ;2 ;Våte løssnøskred  ;Våte løssnøskred  ;Ubunden snø ;Vedvarende svakt lag ;Tørre flakskred ;Kantkornet snø under skarelag ; ; ; ;Skiløper utløst skred. Ingen tatt. Ingen skadet ;163089
2018-04-30 ;Sunnmøre ;Ørsta ;0 ;Påvirket ingenting ;3 ;Ski ;2 ;Våte løssnøskred  ;Våte løssnøskred  ;Ubunden snø ;Fokksnø ;Tørre flakskred ;Nedføyket svakt lag med nysnø ; ; ; ;Skiløper utløste vått løssnøskred. Ingen tatt. Ingen skadet. ;163106
2018-04-30 ;Jotunheimen ;Luster ;0 ;Personer skadet ;6 ;Ski ;2 ;Fokksnø ;Tørre flakskred ;Nedføyket svakt lag med nysnø ;Våte løssnøskred  ;Våte løssnøskred  ;Ubunden snø ; ; ; ;Person i turfølge gikk ut på skavl som brakk. Alvorlig skadet og frektet til sykehus med helikopter ;163107
2018-04-29 ;Lyngen ;Tromsø ;0 ;Påvirket ingenting ;1 ;Ski ;2 ;Våte løssnøskred  ;Våte løssnøskred  ;Ubunden snø ;Vedvarende svakt lag ;Tørre flakskred ;Kantkornet snø under skarelag ; ; ; ;Skiløperutløst skred. Ingen tatt. Ingen skadet. ;162976
2018-04-29 ;Lyngen ;Tromsø ;0 ; ;1 ;Ski ;2 ;Våte løssnøskred  ;Våte løssnøskred  ;Ubunden snø ;Vedvarende svakt lag ;Tørre flakskred ;Kantkornet snø under skarelag ; ; ; ;Skiløperutløst lite løssnøskred. Ingen tatt. Ingen skadet. ;162982
2018-04-29 ;Lyngen ;Lyngen ;0 ;Ikke spesifisert ;2 ;Ski ;2 ;Våte løssnøskred  ;Våte løssnøskred  ;Ubunden snø ;Vedvarende svakt lag ;Tørre flakskred ;Kantkornet snø under skarelag ; ; ; ;Skiløperutløst skred. Ingen tatt. Ingen skadet. ;162965
2018-04-28 ;Sunnmøre ;Ørsta ;0 ;Påvirket ingenting ;1 ;Ski ;2 ;Våte løssnøskred  ;Våte løssnøskred  ;Ubunden snø ;Nysnøflak ;Tørre flakskred ;Nedføyket svakt lag med nysnø ; ; ; ;Skiløperutøst lite vått skred. Ingen tatt. Ingen skadet. ;162871
2018-04-28 ;Lyngen ;Tromsø ;0 ; ;1 ;Ski ;2 ;Nysnøflak ;Tørre flakskred ;Nedføyket svakt lag med nysnø ;Vedvarende svakt lag ;Tørre flakskred ;Kantkornet snø under skarelag ; ; ; ;Skiløper utløste lite vått skred. Ingen tatt.Ingen skadet ;162884
2018-04-27 ;Hardanger ;Kvinnherrad ;0 ;Påvirket ingenting ;1 ;Ski ;2 ;Våte løssnøskred  ;Våte løssnøskred  ;Ubunden snø ;Nysnøflak ;Tørre flakskred ;Nedføyket svakt lag med nysnø ; ; ; ;Skiløper utløste lite skred. Ingen tatt, ingen skadet ;162757
2018-04-26 ;Jotunheimen ;Lom ;0 ;Påvirket ingenting ;1 ;Ski ;2 ;Nysnøflak ;Tørre flakskred ;Nedføyket svakt lag med nysnø ;Vedvarende svakt lag ;Tørre flakskred ;Nedsnødd eller nedføyket kantkornet snø ; ; ; ;Skiløperutløst skred. Ingen tatt. Ingen skadet. ;162648
2018-04-17 ;Jotunheimen ;Lom ;0 ;Påvirket ingenting ;1 ;Ski ;3 ;Vedvarende svakt lag ;Tørre flakskred ;Nedsnødd eller nedføyket kantkornet snø ;Våte løssnøskred  ;Våte løssnøskred  ;Ubunden snø ; ; ; ;Skiløper utløste vått løssnøskred. Ingen tatt. Ingen skadet. ;159797
2018-04-17 ;Lyngen ;Lyngen ;0 ;Nestenulykke ;2 ;Ski ;3 ;Vedvarende svakt lag ;Tørre flakskred ;Kantkornet snø under skarelag ;Våte løssnøskred  ;Våte løssnøskred  ;Ubunden snø ; ; ; ;Skiløpere utløste sløsjskred. Kjørte ut av skredet. Ingen skadet. ;159764
2018-04-15 ;Sunnmøre ;Ørsta ;0 ;Påvirket ingenting ;1 ;Ski ;3 ;Våte flakskred ;Våte flakskred ;Nedsnødd eller nedføyket kantkornet snø ;Våte løssnøskred  ;Våte løssnøskred  ;Ubunden snø ; ; ; ;Skiløperutløst skred. Ingen tatt?. Ingen skadet ;159175
2018-04-15 ;Salten ;Bodø ;0 ;Påvirket ingenting ;1 ;Ski ;3 ;Vedvarende svakt lag ;Tørre flakskred ;Kantkornet snø under skarelag ;Våte løssnøskred  ;Våte løssnøskred  ;Ubunden snø ; ; ; ;Skiløper fjernutløste skred. Ingen tatt. Ingen skadet. ;159124
2018-04-15 ;Indre Troms ;Balsfjord ;0 ; ;1 ;Ski ;3 ;Vedvarende svakt lag ;Tørre flakskred ;Kantkornet snø under skarelag ;Våte løssnøskred  ;Våte løssnøskred  ;Ubunden snø ;Fokksnø ;Tørre flakskred ;Nedføyket svakt lag med nysnø ;Skiløperutløst skred. En tatt, men liggende oppå skredet. Ingen skadet. ;159119
2018-04-14 ;Trollheimen ;Oppdal ;0 ;Nestenulykke ;1 ;Ski ;3 ;Våte flakskred ;Våte flakskred ;Nedsnødd eller nedføyket kantkornet snø ;Våte løssnøskred  ;Våte løssnøskred  ;Ubunden snø ; ; ; ;Skiløperutløst skred. Ingen tatt. Ingen skadet. ;158906
2018-04-14 ;Romsdal ;Rauma ;0 ; ;1 ;Ski ;3 ;Våte flakskred ;Våte flakskred ;Nedsnødd eller nedføyket kantkornet snø ;Våte løssnøskred  ;Våte løssnøskred  ;Ubunden snø ; ; ; ;Skiløperutløst skred. Ingen tatt?. Ingen skadet. ;158872
2018-04-14 ;Sør-Troms ;Lenvik ;0 ; ;1 ;Ski ;3 ;Vedvarende svakt lag ;Tørre flakskred ;Kantkornet snø under skarelag ;Våte løssnøskred  ;Våte løssnøskred  ;Ubunden snø ; ; ; ;Skiløperutløst skred. Ingen tatt. Ingen skadet. ;158829
2018-04-14 ;Indre Sogn ;Luster ;0 ; ;3 ;Snøbrett ;3 ;Våte løssnøskred  ;Våte løssnøskred  ;Ubunden snø ;Vedvarende svakt lag ;Tørre flakskred ;Nedsnødd eller nedføyket kantkornet snø ; ; ; ;Snøbrettkjører utløste lite skred. Ingen tatt. Ingen skadet. ;158880
2018-04-13 ;Jotunheimen ;Vang ;0 ;Påvirket ingenting ;4 ;Ski ;3 ;Vedvarende svakt lag ;Tørre flakskred ;Nedsnødd eller nedføyket kantkornet snø ;Våte løssnøskred  ;Våte løssnøskred  ;Ubunden snø ;Fokksnø ;Tørre flakskred ;Nedføyket svakt lag med nysnø ;Skiløperutløst skred. Ingen tatt. Ingen skadet. ;158690
2018-04-12 ;Jotunheimen ;Vang ;0 ; ;1 ;Ski ;3 ;Vedvarende svakt lag ;Tørre flakskred ;Nedsnødd eller nedføyket kantkornet snø ;Våte løssnøskred  ;Våte løssnøskred  ;Ubunden snø ;Fokksnø ;Tørre flakskred ;Nedføyket svakt lag med nysnø ;Skiløper fjernutløste skred. Ingen tatt. Ingen skadet. ;158349
2018-04-12 ;Lyngen ;Lyngen ;1 ;Personer omkommet ;1 ;Ski ;3 ;Vedvarende svakt lag ;Tørre flakskred ;Kantkornet snø under skarelag ;Fokksnø ;Tørre flakskred ;Nedføyket svakt lag med nysnø ;Våte løssnøskred  ;Våte løssnøskred  ;Ubunden snø ;Person falt gjennom skavl og utløste skred under. Omkom av skadene ;162732
2018-04-10 ;Sunnmøre ;Ørsta ;0 ;Leteaksjon igangsatt ;1 ;Ski ;3 ;Våte løssnøskred  ;Våte løssnøskred  ;Ubunden snø ;Vedvarende svakt lag ;Tørre flakskred ;Nedsnødd eller nedføyket kantkornet snø ; ; ; ;Skiløperutløst skred. En tatt. Ingen skadet. ;157909
2018-04-09 ;Trollheimen ;Sunndal ;0 ;Nestenulykke ;5 ;Ski ;3 ;Vedvarende svakt lag ;Tørre flakskred ;Nedsnødd eller nedføyket kantkornet snø ;Nysnøflak ;Tørre flakskred ;Nedføyket svakt lag med nysnø ; ; ; ;Følge på fem utløste skred. En tatt og begravd. Gravd frem av turfølget. Fraktet til sykehus. ;157691
2018-04-09 ;Sunnmøre ;Sykkylven ;0 ;Påvirket ingenting ;1 ;Ski ;3 ;Vedvarende svakt lag ;Tørre flakskred ;Nedsnødd eller nedføyket kantkornet snø ;Nysnøflak ;Tørre flakskred ;Nedføyket svakt lag med nysnø ; ; ; ;Skiløperutløst skred. Ingen tatt. Ingen skadet ;157723
2018-04-08 ;Salten ;Bodø ;0 ;Påvirket ingenting ;1 ;Ski ;3 ;Vedvarende svakt lag ;Tørre flakskred ;Kantkornet snø under skarelag ;Fokksnø ;Tørre flakskred ;Nedføyket svakt lag med nysnø ; ; ; ;Skiløper fjernutløste skred. Ingen tatt. Ingen skadet. ;157256
2018-04-08 ;Jotunheimen ;Vang ;0 ;Påvirket ingenting ;1 ;Ski offpist ;3 ;Vedvarende svakt lag ;Tørre flakskred ;Nedsnødd eller nedføyket kantkornet snø ;Våte flakskred ;Våte flakskred ;Opphopning av vann i/over lag i snødekket ; ; ; ;Skiløperutløst skred. Ingen tatt. Ingen skadet. ;157378
2018-04-07 ;Lyngen ;Lyngen ;0 ;Påvirket ingenting ;2 ;Ski ;3 ;Fokksnø ;Tørre flakskred ;Nedføyket svakt lag med nysnø ;Vedvarende svakt lag ;Tørre flakskred ;Kantkornet snø under skarelag ; ; ; ;Skikjørere fjernutløste skred. Ingen tatt. Ingen skadet. ;157022
2018-04-07 ;Sunnmøre ;Ørsta ;0 ; ;1 ;Ski ;3 ;Våte flakskred ;Våte flakskred ;Opphopning av vann i/over lag i snødekket ;Nysnøflak ;Tørre flakskred ;Nedføyket svakt lag med nysnø ;Vedvarende svakt lag ;Tørre flakskred ;Nedsnødd eller nedføyket kantkornet snø ;Skiløper fjernutløste skred. Ingen tatt. Ingen skadet. ;157003
2018-04-07 ;Trollheimen ;Oppdal ;0 ; ;1 ;Snøbrett ;3 ;Nysnøflak ;Tørre flakskred ;Nedføyket svakt lag med nysnø ;Vedvarende svakt lag ;Tørre flakskred ;Nedsnødd eller nedføyket kantkornet snø ;Våte flakskred ;Våte flakskred ;Opphopning av vann i/over lag i snødekket ;Brettkjører utløset skred over seg. Ble ført med og stoppet i tre. Kom seg ut ved egen hjelp uskadet. ;157053
2018-04-06 ;Romsdal ;Rauma ;0 ; ;2 ;Ski ;3 ;Nysnøflak ;Tørre flakskred ;Nedføyket svakt lag med nysnø ;Vedvarende svakt lag ;Tørre flakskred ;Nedsnødd eller nedføyket kantkornet snø ; ; ; ;Skikjørere fjernutløste skred. Ingen tatt. Ingen skadet. ;156863
2018-04-06 ;Voss ;Vik ;0 ;Påvirket ingenting ;1 ;Ski ;3 ;Fokksnø ;Tørre flakskred ;Nedføyket svakt lag med nysnø ;Vedvarende svakt lag ;Tørre flakskred ;Nedsnødd eller nedføyket kantkornet snø ; ; ; ;Skiløper fjernutløste skred. Ingen tatt. Ingen skadet. ;157049
2018-04-06 ;Vest-Telemark ;Tinn ;0 ;Personer skadet ;8 ;Ski ;3 ;Fokksnø ;Tørre flakskred ;Nedføyket svakt lag med nysnø ;Vedvarende svakt lag ;Tørre flakskred ;Nedsnødd eller nedføyket overflaterim ; ; ; ;Gruppe utløste skred. En tatt og lettere skadet i arm. ;156805
2018-04-06 ;Sunnmøre ;Ørsta ;0 ;Påvirket ingenting ;3 ;Ski ;2 ;Nysnøflak ;Tørre flakskred ;Nedføyket svakt lag med nysnø ;Vedvarende svakt lag ;Tørre flakskred ;Nedsnødd eller nedføyket kantkornet snø ; ; ; ;Skiløpere fjernutløste to skred. Ingen tatt. Ingen skadet. ;156829
2018-04-06 ;Indre Sogn ;Sogndal ;0 ;Nestenulykke ;1 ;Ski ;3 ;Fokksnø ;Tørre flakskred ;Nedføyket svakt lag med nysnø ;Vedvarende svakt lag ;Tørre flakskred ;Nedsnødd eller nedføyket kantkornet snø ; ; ; ;Skiløperutløst skred. Ingen tatt.Ingen skadet. ;156851
2018-04-06 ;Indre Sogn ;Sogndal ;0 ;Påvirket ingenting ;1 ;Ski ;3 ;Fokksnø ;Tørre flakskred ;Nedføyket svakt lag med nysnø ;Vedvarende svakt lag ;Tørre flakskred ;Nedsnødd eller nedføyket kantkornet snø ; ; ; ;Skiløper fjernutløste skred. Ingen tatt. Ingen skadet. ;156777
2018-04-06 ;Romsdal ;Nesset ;0 ;Nestenulykke ;4 ;Ski ;3 ;Nysnøflak ;Tørre flakskred ;Nedføyket svakt lag med nysnø ;Vedvarende svakt lag ;Tørre flakskred ;Nedsnødd eller nedføyket kantkornet snø ; ; ; ;Gruppe med skiløpere utløste skred. Ingen tatt. Ingen skadet. ;156817
2018-04-06 ;Sunnmøre ;Stranda ;0 ; ;1 ;Ski ;2 ;Nysnøflak ;Tørre flakskred ;Nedføyket svakt lag med nysnø ;Vedvarende svakt lag ;Tørre flakskred ;Nedsnødd eller nedføyket kantkornet snø ; ; ; ;Skiløperutløst skred. Klarte å kjøre fra skredet. Ikke skadet. ;156802
2018-04-06 ;Jotunheimen ;Lom ;0 ;Personer skadet ;1 ;Ski ;3 ;Fokksnø ;Tørre flakskred ;Nedføyket svakt lag med nysnø ;Vedvarende svakt lag ;Tørre flakskred ;Nedsnødd eller nedføyket kantkornet snø ; ; ; ;Skiløperutløst skred. En helt begravd. Klarte å gave seg selv ut. Ikke skadet. ;156854
2018-04-06 ;Hallingdal ;Hemsedal ;0 ;Påvirket ingenting ;1 ;Ski ;3 ;Fokksnø ;Tørre flakskred ;Nedføyket svakt lag med nysnø ;Vedvarende svakt lag ;Tørre flakskred ;Nedsnødd eller nedføyket kantkornet snø ; ; ; ;Skiløperutløst skred. Ingen tatt. Ingen skadet. ;156786
2018-04-06 ;Sunnmøre ;Stranda ;0 ; ;1 ;Ski ;2 ;Nysnøflak ;Tørre flakskred ;Nedføyket svakt lag med nysnø ;Vedvarende svakt lag ;Tørre flakskred ;Nedsnødd eller nedføyket kantkornet snø ; ; ; ;Persoutløst skred. Ingen tatt. Ingen skadet. ;156843
2018-04-06 ;Sunnmøre ;Ørsta ;0 ; ;2 ;Ski ;2 ;Nysnøflak ;Tørre flakskred ;Nedføyket svakt lag med nysnø ;Vedvarende svakt lag ;Tørre flakskred ;Nedsnødd eller nedføyket kantkornet snø ; ; ; ;Skiløpere utløste skred. En tatt uten å bli begravet. Ingen skadet. ;156858
2018-04-06 ;Sunnmøre ;Stranda ;0 ; ;1 ;Ski ;2 ;Nysnøflak ;Tørre flakskred ;Nedføyket svakt lag med nysnø ;Vedvarende svakt lag ;Tørre flakskred ;Nedsnødd eller nedføyket kantkornet snø ; ; ; ;Skred fjernutløst av skiløper. Ingen tatt. Ingen skadet. ;156703
2018-04-06 ;Oppland sør ;Ringeby ;0 ; ;1 ;Ski offpist ; ; ; ; ; ; ; ; ; ; ;Skiløperutløst skred. Ingen tatt. Ingen skadet. ;156728
2018-04-05 ;Lofoten og Vesterålen ;Vestvågøy ;0 ; ;1 ;Ski ;3 ;Vedvarende svakt lag ;Tørre flakskred ;Kantkornet snø under skarelag ;Nysnøflak ;Tørre flakskred ;Nedføyket svakt lag med nysnø ; ; ; ;Skiløper utløste skred. Igjen tatt. Ingen skadet. ;156564
2018-04-05 ;Nord-Troms ;Nordreisa ;0 ;Leteaksjon igangsatt ;9 ;Ski ;3 ;Vedvarende svakt lag ;Tørre flakskred ;Kantkornet snø under skarelag ;Fokksnø ;Tørre flakskred ;Nedføyket svakt lag med nysnø ; ; ; ;Gruppe på 9 utløste mest sannsynlig skred. Ingen tatt? Ingene skadet. ;156577
2018-04-04 ;Vest-Finnmark ;Kvænangen  ;0 ;Personer skadet ;12 ;Ski ;3 ;Vedvarende svakt lag ;Tørre flakskred ;Kantkornet snø under skarelag ;Fokksnø ;Tørre flakskred ;Nedføyket svakt lag med nysnø ; ; ; ;Grupp på 12 utløste skred. Alle tatt. En begravd. Ingen skadet. ;156289
2018-04-03 ;Sør-Troms ;Gratangen ;0 ;Leteaksjon igangsatt ;3 ;Ski ;3 ;Vedvarende svakt lag ;Tørre flakskred ;Kantkornet snø under skarelag ;Fokksnø ;Tørre flakskred ;Nedføyket svakt lag med nysnø ; ; ; ;Skiløperutløst skred. Ingen tatt?. Ingen skadet? ;156008
2018-04-03 ;Ofoten ;Narvik ;0 ;Nestenulykke ;1 ;Ski offpist ;3 ;Vedvarende svakt lag ;Tørre flakskred ;Nedsnødd eller nedføyket kantkornet snø ;Nysnøflak ;Tørre flakskred ;Nedføyket svakt lag med nysnø ; ; ; ;Skiløperutløst skred. En tatt? Ingen skadet. ;155929
2018-04-02 ;Lofoten og Vesterålen ;Sortland ;0 ;Påvirket ingenting ;1 ;Ski ;3 ;Nysnøflak ;Tørre flakskred ;Nedføyket svakt lag med nysnø ;Vedvarende svakt lag ;Tørre flakskred ;Kantkornet snø under skarelag ; ; ; ;Skiløper fjernutløser skred. Ingen tatt. Ingen skadet. ;155987
2018-04-02 ;Lyngen ;Tromsø ;0 ;Påvirket ingenting ;2 ;Ski ;3 ;Fokksnø ;Tørre flakskred ;Nedføyket svakt lag med nysnø ;Vedvarende svakt lag ;Tørre flakskred ;Kantkornet snø under skarelag ; ; ; ;Fjernutløste skred av skiløpere. Ingen tatt. Ingen skadet. ;155653
2018-04-01 ;Lofoten og Vesterålen ;Vågan ;1 ;Personer omkommet ;2 ;Ski ;3 ;Nysnøflak ;Tørre flakskred ;Nedføyket svakt lag med nysnø ;Vedvarende svakt lag ;Tørre flakskred ;Kantkornet snø under skarelag ; ; ; ;Skiløperutløst skred. En tatt. En omkom. ;155976
2018-04-01 ;Indre Troms ;Balsfjord ;0 ; ;1 ;Ski ;3 ;Fokksnø ;Tørre flakskred ;Nedføyket svakt lag med nysnø ;Vedvarende svakt lag ;Tørre flakskred ;Kantkornet snø under skarelag ; ; ; ;Skiløperutløst skred. Ingen tatt. Ingen skadet. ;155413
2018-04-01 ;Lyngen ;Lyngen ;0 ; ;4 ;Ski ;3 ;Fokksnø ;Tørre flakskred ;Nedføyket svakt lag med nysnø ;Vedvarende svakt lag ;Tørre flakskred ;Kantkornet snø under skarelag ; ; ; ;Gruppe fjernutløste skred. Ingen tatt. Ingen skadet ;155421
2018-04-01 ;Lyngen ;Tromsø ;0 ; ;2 ;Ski ;3 ;Fokksnø ;Tørre flakskred ;Nedføyket svakt lag med nysnø ;Vedvarende svakt lag ;Tørre flakskred ;Kantkornet snø under skarelag ; ; ; ;Skiløpere fjernutløste skred. Ingen tatt. Ingen skadet. ;155488
2018-04-01 ;Indre Sogn ;Sogndal ;0 ; ;2 ;Ski ;2 ;Vedvarende svakt lag ;Tørre flakskred ;Nedsnødd eller nedføyket kantkornet snø ;Fokksnø ;Tørre flakskred ;Nedføyket svakt lag med nysnø ; ; ; ;Skiløperutløst skred. Ingen tatt. Ingen skadet. ;155543
2018-04-01 ;Nord-Troms ;Kåfjord ;0 ;Påvirket ingenting ;2 ;Ski ;3 ;Fokksnø ;Tørre flakskred ;Nedføyket svakt lag med nysnø ;Vedvarende svakt lag ;Tørre flakskred ;Kantkornet snø under skarelag ; ; ; ;Skred fjernutløst av skiløpere. Ingen tatt. Ingen skadet. ;155476
2018-04-01 ;Indre Troms ;Balsfjord ;0 ; ;1 ;Ski ;3 ;Fokksnø ;Tørre flakskred ;Nedføyket svakt lag med nysnø ;Vedvarende svakt lag ;Tørre flakskred ;Kantkornet snø under skarelag ; ; ; ;Skiløper fjernutløste skred. Ingen tatt. Ingen skadet. ;155385
2018-04-01 ;Lyngen ;Lyngen ;0 ;Påvirket ingenting ;4 ;Ski ;3 ;Fokksnø ;Tørre flakskred ;Nedføyket svakt lag med nysnø ;Vedvarende svakt lag ;Tørre flakskred ;Kantkornet snø under skarelag ; ; ; ;Gruppe skiløpere utløste skred. Ingen tatt? Ingen skadet. ;155425
2018-04-01 ;Lyngen ;Lyngen ;0 ;Påvirket ingenting ;1 ;Ski ;3 ;Fokksnø ;Tørre flakskred ;Nedføyket svakt lag med nysnø ;Vedvarende svakt lag ;Tørre flakskred ;Kantkornet snø under skarelag ; ; ; ;Skiløper fjernutløste skred. Ingen tatt. Ingen skadet. ;155373
2018-04-01 ;Indre Troms ;Balsfjord ;0 ; ;2 ;Ski ;3 ;Fokksnø ;Tørre flakskred ;Nedføyket svakt lag med nysnø ;Vedvarende svakt lag ;Tørre flakskred ;Kantkornet snø under skarelag ; ; ; ;Skiløpere utløste skred. Mulig en ble tatt. Ingen skadet. ;155335
2018-03-31 ;Sunnmøre ;Norddal ;0 ;Påvirket ingenting ;10 ;Ski ;2 ;Vedvarende svakt lag ;Tørre flakskred ;Nedsnødd eller nedføyket kantkornet snø ;Fokksnø ;Tørre flakskred ;Nedføyket svakt lag med nysnø ;Våte løssnøskred  ;Våte løssnøskred  ;Ubunden snø ;Skredutløst av gruppe skiløpere. Ingen tatt. Ingen skadet. ;155336
2018-03-31 ;Nord-Troms ;Kåfjord ;0 ;Påvirket ingenting ;1 ;Ski ;4 ;Fokksnø ;Tørre flakskred ;Nedføyket svakt lag med nysnø ;Vedvarende svakt lag ;Tørre flakskred ;Kantkornet snø under skarelag ; ; ; ;Skred fjernutløst mest sannsynlig av skiløper. Ingen tatt. Ingen skadet. ;155287
2018-03-31 ;Sunnmøre ;Norddal ;0 ;Nestenulykke ;3 ;Ski ;2 ;Vedvarende svakt lag ;Tørre flakskred ;Nedsnødd eller nedføyket kantkornet snø ;Fokksnø ;Tørre flakskred ;Nedføyket svakt lag med nysnø ;Våte løssnøskred  ;Våte løssnøskred  ;Ubunden snø ;Skiløpere utløste flakskred. Ingen tatt?. Ingen skadet ;155267
2018-03-31 ;Lofoten og Vesterålen ;Hadsel ;0 ;Påvirket ingenting ;1 ;Ski ;3 ;Vedvarende svakt lag ;Tørre flakskred ;Kantkornet snø under skarelag ;Nysnøflak ;Tørre flakskred ;Nedføyket svakt lag med nysnø ; ; ; ;Skiløper fjernutløste skred. Ingen tatt. Ingen skadet. ;155273
2018-03-31 ;Ofoten ;Narvik ;0 ;Nestenulykke ;1 ;Ski ;3 ;Vedvarende svakt lag ;Tørre flakskred ;Nedsnødd eller nedføyket kantkornet snø ;Fokksnø ;Tørre flakskred ;Nedføyket svakt lag med nysnø ; ; ; ;Skiløper utløste skred. Ingen tatt. Ingen skadet. ;155459
2018-03-31 ;Indre Troms ;Balsfjord ;0 ;Personer skadet ;6 ;Ski ;3 ;Fokksnø ;Tørre flakskred ;Nedføyket svakt lag med nysnø ;Vedvarende svakt lag ;Tørre flakskred ;Kantkornet snø under skarelag ; ; ; ;Gruppe på ski utløste skred. 4 tatt og delvis begravet. En lettere skadet pga. sammenstøt med trær. ;155206
2018-03-31 ;Indre Troms ;Bardu ;0 ;Ikke spesifisert ;2 ;Ski ;3 ;Fokksnø ;Tørre flakskred ;Nedføyket svakt lag med nysnø ;Vedvarende svakt lag ;Tørre flakskred ;Kantkornet snø under skarelag ; ; ; ;Skred fjernutløst av skiløpere. Ingen tatt. Ingen skadet. ;155243
2018-03-31 ;Lofoten og Vesterålen ;Vågan ;0 ;Nestenulykke ;6 ;Ski ;3 ;Vedvarende svakt lag ;Tørre flakskred ;Kantkornet snø under skarelag ;Nysnøflak ;Tørre flakskred ;Nedføyket svakt lag med nysnø ; ; ; ;Skredutløst av gruppe skiløpere. Ingen tatt. Ingen skadet. ;155188
2018-03-31 ;Sør-Troms ;Berg ;0 ;Trafikk hindret ;2 ;Ski ;3 ;Vedvarende svakt lag ;Tørre flakskred ;Kantkornet snø under skarelag ;Nysnøflak ;Tørre flakskred ;Nedføyket svakt lag med nysnø ; ; ; ;Skred fjernutløst av skiløpere. Ingen tatt. Ingen skadet. ;155218
2018-03-31 ;Sør-Troms ;Gratangen ;0 ;Ikke spesifisert ;1 ;Snøskuter ;3 ;Vedvarende svakt lag ;Tørre flakskred ;Kantkornet snø under skarelag ;Nysnøflak ;Tørre flakskred ;Nedføyket svakt lag med nysnø ; ; ; ;Skred fjernutløst av snøskuter. Ingen tatt. Ingen skadet ;155276
2018-03-30 ;Lyngen ;Lyngen ;0 ;Nestenulykke ;6 ;Ski ;4 ;Vedvarende svakt lag ;Tørre flakskred ;Kantkornet snø under skarelag ;Nysnøflak ;Tørre flakskred ;Nedføyket svakt lag med nysnø ; ; ; ;Skred utløst av turfølge. En nesten tatt. Ingen skadet ;155434
2018-03-30 ;Øst-Finnmark ;Tana ;0 ; ;1 ;Snøskuter ; ; ; ; ; ; ; ; ; ; ;Snøscooterfører løste ut og ble tatt av skred. Fløyet til sykehus md lettere skader ;155244
2018-03-29 ;Indre Troms ;Balsfjord ;0 ; ;1 ;Ski ;4 ;Vedvarende svakt lag ;Tørre flakskred ;Kantkornet snø under skarelag ;Fokksnø ;Tørre flakskred ;Nedføyket svakt lag med nysnø ; ; ; ;Skiløper fjernutløste skred. Ingen tatt. Ingen skadet. ;154493
2018-03-29 ;Ofoten ;Tjeldsund ;0 ;Påvirket ingenting ;2 ;Ski ;3 ;Vedvarende svakt lag ;Tørre flakskred ;Nedsnødd eller nedføyket kantkornet snø ;Fokksnø ;Tørre flakskred ;Nedføyket svakt lag med nysnø ; ; ; ;Skiløpere fjernutløste skred. Ingen tatt. Ingen skadet. ;154448
2018-03-29 ;Nord-Troms ;Nordreisa ;1 ;Personer omkommet ;1 ;Snøskuter ;4 ;Vedvarende svakt lag ;Tørre flakskred ;Kantkornet snø under skarelag ;Nysnøflak ;Tørre flakskred ;Nedføyket svakt lag med nysnø ; ; ; ;Snøskooter utløste skred. En tatt og omkom. ;154642
2018-03-28 ;Tromsø ;Tromsø ;0 ;Personer skadet ;1 ;Ski ;4 ;Vedvarende svakt lag ;Tørre flakskred ;Kantkornet snø under skarelag ;Fokksnø ;Tørre flakskred ;Nedføyket svakt lag med nysnø ; ; ; ;Skiløperutløst skred. En tatt, ikke begravet men skadet. Fraktet til sykehus ;154235
2018-03-28 ;Nord-Troms ;Kåfjord ;0 ; ;2 ;Ski ;4 ;Vedvarende svakt lag ;Tørre flakskred ;Kantkornet snø under skarelag ;Nysnøflak ;Tørre flakskred ;Nedføyket svakt lag med nysnø ; ; ; ;Skiløpere utløste skred. En tatt, men kom seg ut ved egen hjelp. Ingen skadet. ;154152
2018-03-28 ;Sør-Troms ;Skånland ;0 ; ;1 ;Ski ;3 ;Vedvarende svakt lag ;Tørre flakskred ;Kantkornet snø under skarelag ;Nysnøflak ;Tørre flakskred ;Nedføyket svakt lag med nysnø ; ; ; ;Skiløper fjernutløste skred. Ingen tatt. Ingen skadet. ;154364
2018-03-28 ;Hardanger ;Sauda ;0 ;Ikke spesifisert ;1 ;Ski offpist ;3 ;Fokksnø ;Tørre flakskred ;Nedføyket svakt lag med nysnø ;Vedvarende svakt lag ;Tørre flakskred ;Nedsnødd eller nedføyket kantkornet snø ;Våte løssnøskred  ;Våte løssnøskred  ;Ubunden snø ;Skiløperutløst skred. En ført med skredet. Kom seg ut ved egen hjelp. Ingen skadet. ;154285
2018-03-27 ;Sunnmøre ;Ørsta ;0 ;Ikke spesifisert ;2 ;Ski ;3 ;Vedvarende svakt lag ;Tørre flakskred ;Nedsnødd eller nedføyket kantkornet snø ;Fokksnø ;Tørre flakskred ;Nedføyket svakt lag med nysnø ;Våte løssnøskred  ;Våte løssnøskred  ;Ubunden snø ;Skiløperutløst skred. En tatt og delvis begravd. Kommer seg ut ved egen hjelp. Ingen skadet. ;153963
2018-03-27 ;Vest-Finnmark ;Alta ;0 ;Nestenulykke ;3 ;Ski ;4 ;Vedvarende svakt lag ;Tørre flakskred ;Kantkornet snø under skarelag ;Nysnøflak ;Tørre flakskred ;Nedføyket svakt lag med nysnø ; ; ; ;Skiløpere fjernutløste lite skred. En ble så vidt truffet. Ingen skadet. ;153881
2018-03-27 ;Indre Sogn ;Luster ;0 ;Påvirket ingenting ;1 ;Ski ;3 ;Vedvarende svakt lag ;Tørre flakskred ;Nedsnødd eller nedføyket kantkornet snø ;Fokksnø ;Tørre flakskred ;Nedføyket svakt lag med nysnø ; ; ; ;Skiløper fjernutløste skred. Ingen tatt. Ingen skadet. ;153875
2018-03-27 ;Lofoten og Vesterålen ;Sortland ;0 ;Påvirket ingenting ;1 ;Ski ;3 ;Vedvarende svakt lag ;Tørre flakskred ;Nedsnødd eller nedføyket kantkornet snø ;Nysnøflak ;Tørre flakskred ;Nedføyket svakt lag med nysnø ; ; ; ;Skiløper fjernuløste flere skred. Ingen tatt. Ingen skadet. ;153830
2018-03-26 ;Sunnmøre ;Ørsta ;0 ;Nestenulykke ;3 ;Ski ;3 ;Vedvarende svakt lag ;Tørre flakskred ;Nedsnødd eller nedføyket kantkornet snø ;Fokksnø ;Tørre flakskred ;Nedføyket svakt lag med nysnø ;Våte løssnøskred  ;Våte løssnøskred  ;Ubunden snø ;Skiløperutløst skred. To tatt. Ingen skadet ;153516
2018-03-26 ;Indre Sogn ;Luster ;0 ; ;1 ;Ski ;3 ;Vedvarende svakt lag ;Tørre flakskred ;Nedsnødd eller nedføyket kantkornet snø ;Fokksnø ;Tørre flakskred ;Nedføyket svakt lag med nysnø ; ; ; ;Lite skred fjernutløst? av skiløper. Ingen tatt. Ingen skadet. ;153539
2018-03-26 ;Sunnmøre ;Ørsta ;0 ; ;1 ;Ski ;3 ;Vedvarende svakt lag ;Tørre flakskred ;Nedsnødd eller nedføyket kantkornet snø ;Fokksnø ;Tørre flakskred ;Nedføyket svakt lag med nysnø ;Våte løssnøskred  ;Våte løssnøskred  ;Ubunden snø ;Skiløperutløst skred. Ingen tatt. Ingen skadet. ;153414
2018-03-26 ;Nord-Troms ;Nordreisa ;0 ; ;1 ;Ski ;4 ;Vedvarende svakt lag ;Tørre flakskred ;Kantkornet snø under skarelag ;Nysnøflak ;Tørre flakskred ;Nedføyket svakt lag med nysnø ; ; ; ;Skiløper fjernutløste flere små skred. Ingen tatt. Ingen skadet. ;153510
2018-03-26 ;Lyngen ;Lyngen ;0 ;Påvirket ingenting ;1 ;Ski ;3 ;Vedvarende svakt lag ;Tørre flakskred ;Kantkornet snø under skarelag ;Nysnøflak ;Tørre flakskred ;Nedføyket svakt lag med nysnø ; ; ; ;Skiløper fjernutløste lite skred. Ingen tatt. Ingen skadet. ;153515
2018-03-25 ;Nord-Troms ;Nordreisa ;0 ;Nestenulykke ;1 ;Ski ;3 ;Vedvarende svakt lag ;Tørre flakskred ;Kantkornet snø under skarelag ;Fokksnø ;Tørre flakskred ;Nedføyket svakt lag med nysnø ; ; ; ;Skiløper?utløst skred. Ingen skadet. ;153125
2018-03-25 ;Jotunheimen ;Luster ;0 ; ;2 ;Ski ;3 ;Vedvarende svakt lag ;Tørre flakskred ;Nedsnødd eller nedføyket kantkornet snø ;Fokksnø ;Tørre flakskred ;Nedføyket svakt lag med nysnø ; ; ; ;Skiløpere fjernutløste lite skred. Ingen tatt. Ingen skadet. ;153148
2018-03-25 ;Jotunheimen ;Lom ;0 ;Påvirket ingenting ;2 ;Ski ;3 ;Vedvarende svakt lag ;Tørre flakskred ;Nedsnødd eller nedføyket kantkornet snø ;Fokksnø ;Tørre flakskred ;Nedføyket svakt lag med nysnø ; ; ; ;Skiløperutløst skred. Ingen tatt. Ingen skadet. ;153162
2018-03-25 ;Jotunheimen ;Lom ;0 ;Nestenulykke ;2 ;Ski ;3 ;Vedvarende svakt lag ;Tørre flakskred ;Nedsnødd eller nedføyket kantkornet snø ;Fokksnø ;Tørre flakskred ;Nedføyket svakt lag med nysnø ; ; ; ;Skiløperutløst skred. Ingen tatt. Ingen skadet. ;153110
2018-03-24 ;Lofoten og Vesterålen ;Hadsel ;0 ;Påvirket ingenting ;8 ;Ski ;3 ;Vedvarende svakt lag ;Tørre flakskred ;Nedsnødd eller nedføyket kantkornet snø ;Fokksnø ;Tørre flakskred ;Nedføyket svakt lag med nysnø ;Våte løssnøskred  ;Våte løssnøskred  ;Ubunden snø ;Skiløperutløst skred. Ingen tatt. Ingen skadet. ;152926
2018-03-24 ;Salten ;Steigen ;0 ;Påvirket ingenting ;1 ;Ski ;3 ;Vedvarende svakt lag ;Tørre flakskred ;Nedsnødd eller nedføyket kantkornet snø ;Fokksnø ;Tørre flakskred ;Nedføyket svakt lag med nysnø ; ; ; ;Skiløper fjernutløste skred. Ingen tatt. Ingen skadet. ;152928
2018-03-24 ;Lyngen ;Tromsø ;0 ;Ikke spesifisert ;1 ;Ski ;3 ;Vedvarende svakt lag ;Tørre flakskred ;Kantkornet snø under skarelag ;Fokksnø ;Tørre flakskred ;Nedføyket svakt lag med nysnø ; ; ; ;Skiløperutløst lite skred. ;152884
2018-03-24 ;Indre Sogn ;Lærdal ;0 ; ;1 ;Ski ;3 ;Vedvarende svakt lag ;Tørre flakskred ;Nedsnødd eller nedføyket kantkornet snø ;Fokksnø ;Tørre flakskred ;Nedføyket svakt lag med nysnø ; ; ; ;Skiløperutløst lite skred. Ingen tatt. Ingen skadet. ;152890
2018-03-23 ;Indre Fjordane ;Førde ;0 ;Ikke spesifisert ;1 ;Ski ;3 ;Vedvarende svakt lag ;Tørre flakskred ;Nedsnødd eller nedføyket kantkornet snø ;Våte flakskred ;Våte flakskred ;Nedsnødd eller nedføyket kantkornet snø ;Fokksnø ;Tørre flakskred ;Nedføyket svakt lag med nysnø ;Skiløperutløst skred. En tatt. Ingen skadet. ;152735
2018-03-23 ;Sør-Troms ;Ibestad ;0 ;Nestenulykke ;2 ;Ski ;3 ;Vedvarende svakt lag ;Tørre flakskred ;Kantkornet snø over skarelag ;Fokksnø ;Tørre flakskred ;Nedføyket svakt lag med nysnø ; ; ; ;Skiløperutløst skred. Ingen tatt. Ingen skadet. ;152693
2018-03-23 ;Sør-Troms ;Ibestad ;0 ;Påvirket ingenting ;1 ;Ski ;3 ;Vedvarende svakt lag ;Tørre flakskred ;Kantkornet snø over skarelag ;Fokksnø ;Tørre flakskred ;Nedføyket svakt lag med nysnø ; ; ; ;Skiløper fjernutløste skred. Ingen tatt. Ingen skadet. ;152586
2018-03-22 ;Lofoten og Vesterålen ;Øksnes ;0 ;Påvirket ingenting ;1 ;Ski ;3 ;Vedvarende svakt lag ;Tørre flakskred ;Nedsnødd eller nedføyket kantkornet snø ;Fokksnø ;Tørre flakskred ;Nedføyket svakt lag med nysnø ; ; ; ;Skiløper fjernutløste skred. Ingen tatt. Ingen skadet. ;152460
2018-03-22 ;Jotunheimen ;Lom ;0 ;Påvirket ingenting ;1 ;Ski ;2 ;Fokksnø ;Tørre flakskred ;Nedføyket svakt lag med nysnø ;Våte løssnøskred  ;Våte løssnøskred  ;Ubunden snø ;Vedvarende svakt lag ;Tørre flakskred ;Kantkornet snø over skarelag ;Skiløper fjernutløste skred. Ingen tatt. Ingen skadet. ;152416
2018-03-21 ;Lofoten og Vesterålen ;Hadsel ;0 ;Påvirket ingenting ;1 ;Ski ;3 ;Vedvarende svakt lag ;Tørre flakskred ;Nedsnødd eller nedføyket kantkornet snø ;Fokksnø ;Tørre flakskred ;Nedføyket svakt lag med nysnø ; ; ; ;Skiløper fjernutløste skred. Ingen tatt. Ingen skadet. ;152145
2018-03-20 ;Buskerud sør ;Sigdal ;0 ; ;2 ;Ski ; ; ; ; ; ; ; ; ; ; ;Skiløperutløst skred. ;152077
2018-03-20 ;Indre Troms ;Balsfjord ;0 ; ;2 ;Ski ;3 ;Fokksnø ;Tørre flakskred ;Nedføyket svakt lag med nysnø ;Vedvarende svakt lag ;Tørre flakskred ;Kantkornet snø under skarelag ; ; ; ;Skiløperutløst skred. En tatt, men holdt seg på beina. Ingen skadet. ;152167
2018-03-20 ;Vest-Telemark ;Tinn ;0 ;Leteaksjon igangsatt ;4 ;Ski ;2 ;Fokksnø ;Tørre flakskred ;Nedføyket svakt lag med nysnø ;Vedvarende svakt lag ;Tørre flakskred ;Kantkornet snø over skarelag ; ; ; ;Skiløperutløst skred. En tatt. Fløt oppå. Ingen skadet. ;152004
2018-03-20 ;Jotunheimen ;Luster ;0 ; ;3 ;Ski ;2 ;Nysnøflak ;Tørre flakskred ;Nedføyket svakt lag med nysnø ;Vedvarende svakt lag ;Tørre flakskred ;Nedsnødd eller nedføyket overflaterim ;Vedvarende svakt lag ;Tørre flakskred ;Kantkornet snø over skarelag ;Skiløper fjernutløste lite skred. Ingen tatt. Ingen skadet. ;151941
2018-03-20 ;Romsdal ;Rauma ;0 ; ;1 ;Ski ;3 ;Fokksnø ;Tørre flakskred ;Nedføyket svakt lag med nysnø ;Vedvarende svakt lag ;Tørre flakskred ;Nedsnødd eller nedføyket kantkornet snø ; ; ; ;Skiløper fjernutløste skred. Ingen tatt. Ingen skadet. ;151882
2018-03-20 ;Sunnmøre ;Stranda ;0 ; ;1 ;Ski ;3 ;Fokksnø ;Tørre flakskred ;Nedføyket svakt lag med nysnø ;Vedvarende svakt lag ;Tørre flakskred ;Nedsnødd eller nedføyket kantkornet snø ; ; ; ;Skiløperutlsøt skred. Ingen tatt. Ingen skadet. ;151900
2018-03-20 ;Vest-Finnmark ;Alta ;0 ;Påvirket ingenting ;1 ;Ski ;3 ;Fokksnø ;Tørre flakskred ;Nedføyket svakt lag med nysnø ;Vedvarende svakt lag ;Tørre flakskred ;Kantkornet snø under skarelag ; ; ; ;Skiløperutløst skred. Ingen tatt. Ingen skadet ;151907
2018-03-20 ;Indre Troms ;Balsfjord ;0 ; ;2 ;Ski ;3 ;Fokksnø ;Tørre flakskred ;Nedføyket svakt lag med nysnø ;Vedvarende svakt lag ;Tørre flakskred ;Kantkornet snø under skarelag ; ; ; ;Fjernutløst skred. Ingen tatt. Ingen skadet ;151813
2018-03-20 ;Hallingdal ;Hemsedal ;0 ;Nestenulykke ;1 ;Ski ;2 ;Fokksnø ;Tørre flakskred ;Nedføyket svakt lag med nysnø ;Vedvarende svakt lag ;Tørre flakskred ;Kantkornet snø under skarelag ; ; ; ;Skiløperutløst skred. Ingen tatt. Ingen skadet. ;151889
2018-03-20 ;Tromsø ;Tromsø ;0 ; ;1 ;Ski ;3 ;Fokksnø ;Tørre flakskred ;Nedføyket svakt lag med nysnø ;Vedvarende svakt lag ;Tørre flakskred ;Nedsnødd eller nedføyket overflaterim ;Vedvarende svakt lag ;Tørre flakskred ;Kantkornet snø under skarelag ;Skiløper fjernutløste lite skred. Ingen tatt. Ingen skadet. ;151815
2018-03-20 ;Jotunheimen ;Vang ;0 ;Nestenulykke ;2 ;Ski ;2 ;Nysnøflak ;Tørre flakskred ;Nedføyket svakt lag med nysnø ;Vedvarende svakt lag ;Tørre flakskred ;Nedsnødd eller nedføyket overflaterim ;Vedvarende svakt lag ;Tørre flakskred ;Kantkornet snø over skarelag ;Skiløperutløst skred. Ingen tatt. Ingen skadet. ;151895
2018-03-20 ;Trollheimen ;Oppdal ;0 ; ;1 ;Snøbrett ;3 ;Fokksnø ;Tørre flakskred ;Nedføyket svakt lag med nysnø ;Vedvarende svakt lag ;Tørre flakskred ;Nedsnødd eller nedføyket kantkornet snø ; ; ; ;Snowboarder utløste skred. Ingen tatt. Ingen skadet. ;151852
2018-03-20 ;Indre Troms ;Bardu ;0 ; ;1 ;Snøskuter ;3 ;Fokksnø ;Tørre flakskred ;Nedføyket svakt lag med nysnø ;Vedvarende svakt lag ;Tørre flakskred ;Kantkornet snø under skarelag ; ; ; ;Snøscooter fjernutløste lite skred. Ingen tatt. Ingen skadet ;151933
2018-03-19 ;Nord-Gudbrandsdalen ;Sel ;0 ; ;0 ;Bil ; ; ; ; ; ; ; ; ; ; ;Naturlig utløst skred over vei. Ingen biler tatt eller begravd ;151383
2018-03-19 ;Salten ;Fauske ;0 ;Påvirket ingenting ;4 ;Ski ;3 ;Fokksnø ;Tørre flakskred ;Nedføyket svakt lag med nysnø ;Vedvarende svakt lag ;Tørre flakskred ;Nedsnødd eller nedføyket kantkornet snø ; ; ; ;Skiløpere utløste skred. Fire tatt. Delvis begravd. Ingen skadet, ;151721
2018-03-19 ;Ofoten ;Ballangen ;0 ; ;1 ;Ski ;3 ;Fokksnø ;Tørre flakskred ;Nedføyket svakt lag med nysnø ;Vedvarende svakt lag ;Tørre flakskred ;Nedsnødd eller nedføyket overflaterim ; ; ; ;Skiløper fjernutløste lite skred. Ingen tatt. Ingen skadet. ;151637
2018-03-19 ;Sør-Troms ;Tranøy ;0 ; ;1 ;Ski ;3 ;Fokksnø ;Tørre flakskred ;Nedføyket svakt lag med nysnø ;Vedvarende svakt lag ;Tørre flakskred ;Kantkornet snø over skarelag ; ; ; ;Skred fjernutløst av skiløpr. Ingen tatt. Ingen skadet, ;151587
2018-03-19 ;Ofoten ;Narvik ;0 ; ;1 ;Ski ;3 ;Fokksnø ;Tørre flakskred ;Nedføyket svakt lag med nysnø ;Vedvarende svakt lag ;Tørre flakskred ;Nedsnødd eller nedføyket overflaterim ; ; ; ;Fjernutløst lite skred. Ingen tatt. Ingen skadet. ;151559
2018-03-19 ;Lofoten og Vesterålen ;Vågan ;0 ;Nestenulykke ;3 ;Ski ;3 ;Fokksnø ;Tørre flakskred ;Nedføyket svakt lag med nysnø ;Vedvarende svakt lag ;Tørre flakskred ;Nedsnødd eller nedføyket kantkornet snø ; ; ; ;Fjernutløst skred. En ført med og delvis begravd, men kom seg ut ved egen hjelp. Ingen skadet. ;151592
2018-03-19 ;Tromsø ;Tromsø ;0 ;Påvirket ingenting ;1 ;Ski ;3 ;Fokksnø ;Tørre flakskred ;Nedføyket svakt lag med nysnø ;Vedvarende svakt lag ;Tørre flakskred ;Nedsnødd eller nedføyket overflaterim ;Vedvarende svakt lag ;Tørre flakskred ;Kantkornet snø under skarelag ;Skred fjernuløst av skiløper.Ingen tatt. Ingen skadet. ;151536
2018-03-18 ;Hallingdal ;Hemsedal ;0 ; ;1 ;Ski ;2 ;Fokksnø ;Tørre flakskred ;Nedføyket svakt lag med nysnø ;Vedvarende svakt lag ;Tørre flakskred ;Kantkornet snø under skarelag ; ; ; ;Lite skred fjernuløst av skiløper.Ingen tatt. Ingen skadet. ;151272
2018-03-18 ;Hallingdal ;Hemsedal ;0 ;Nestenulykke ;1 ;Ski ;2 ;Fokksnø ;Tørre flakskred ;Nedføyket svakt lag med nysnø ;Vedvarende svakt lag ;Tørre flakskred ;Kantkornet snø under skarelag ; ; ; ;Skiløperutløst skred. En person ført med. Skadeomfang ukjent. ;151605
2018-03-18 ;Hallingdal ;Hemsedal ;0 ;Personer skadet ;1 ;Ski offpist ;2 ;Fokksnø ;Tørre flakskred ;Nedføyket svakt lag med nysnø ;Vedvarende svakt lag ;Tørre flakskred ;Kantkornet snø under skarelag ; ; ; ;Skiløperutløst skred. En tatt. En skadet og sendt i ambulanse. ;151606
2018-03-17 ;Hardanger ;Kvinnherrad ;0 ; ;2 ;Ski ;3 ;Vedvarende svakt lag ;Tørre flakskred ;Nedsnødd eller nedføyket kantkornet snø ; ; ; ; ; ; ;Skred fjernutløst av gruppe. Ingen skadet. ;151132
2018-03-17 ;Lyngen ;Lyngen ;0 ;Påvirket ingenting ;1 ;Ski ;3 ;Fokksnø ;Tørre flakskred ;Nedføyket svakt lag med nysnø ;Vedvarende svakt lag ;Tørre flakskred ;Kantkornet snø under skarelag ; ; ; ;Skred fjernutløst av fjellskiløper. Ingen tatt. Ingen begravet. ;151126
2018-03-17 ;Hardanger ;Kvinnherrad ;0 ;Ikke spesifisert ;1 ;Ski ;3 ;Vedvarende svakt lag ;Tørre flakskred ;Nedsnødd eller nedføyket kantkornet snø ; ; ; ; ; ; ;Skiløperutløst skred.En ført med. Ikke begravet. Ikke skadet. ;151121
2018-03-17 ;Voss ;Voss ;0 ;Ikke spesifisert ;1 ;Ski ;2 ;Vedvarende svakt lag ;Tørre flakskred ;Nedsnødd eller nedføyket kantkornet snø ; ; ; ; ; ; ;Skiløperutløst skred. Ingen tatt. Ingen skadet. ;151110
2018-03-17 ;Jotunheimen ;Vang ;0 ; ;2 ;Ski ;2 ;Fokksnø ;Tørre flakskred ;Nedføyket svakt lag med nysnø ;Vedvarende svakt lag ;Tørre flakskred ;Kantkornet snø over skarelag ; ; ; ;Skiløperutløst skred. Ingen tatt. Ingen skadet. ;151175
2018-03-17 ;Trollheimen ;Oppdal ;0 ;Påvirket ingenting ;1 ;Ski ;2 ;Vedvarende svakt lag ;Tørre flakskred ;Nedsnødd eller nedføyket kantkornet snø ; ; ; ; ; ; ;Lite skred fjernuløst av skiløper.Ingen tatt. Ingen skadet. ;151122
2018-03-16 ;Indre Sogn ;Sogndal ;0 ; ;1 ;Ski ;2 ;Fokksnø ;Tørre flakskred ;Nedføyket svakt lag med nysnø ;Vedvarende svakt lag ;Tørre flakskred ;Nedsnødd eller nedføyket kantkornet snø ; ; ; ;Lite skred fjernuløst av skiløper.Ingen tatt. Ingen skadet. ;150923
2018-03-16 ;Lofoten og Vesterålen ;Vågan ;0 ;Nestenulykke ;1 ;Ski ;3 ;Vedvarende svakt lag ;Tørre flakskred ;Nedsnødd eller nedføyket kantkornet snø ;Nysnøflak ;Tørre flakskred ;Nedføyket svakt lag med nysnø ; ; ; ;Skiløperutløst skred. En tatt og delvis begravd. Gravd frem av kamerater. ;151015
2018-03-16 ;Jotunheimen ;Lom ;0 ; ;3 ;Ski ;2 ;Fokksnø ;Tørre flakskred ;Nedføyket svakt lag med nysnø ;Vedvarende svakt lag ;Tørre flakskred ;Kantkornet snø over skarelag ; ; ; ;Skiløperutløst skred. Ingen tatt. Ingen skadet. ;150908
2018-03-16 ;Hardanger ;Sauda ;0 ;Påvirket ingenting ;1 ;Ski ;3 ;Vedvarende svakt lag ;Tørre flakskred ;Nedsnødd eller nedføyket kantkornet snø ;Vedvarende svakt lag ;Tørre flakskred ;Nedsnødd eller nedføyket kantkornet snø ; ; ; ;Lite skred fjernuløst av skiløper.Ingen tatt. Ingen skadet. ;151094
2018-03-16 ;Jotunheimen ;Vang ;0 ;Påvirket ingenting ;2 ;Ski ;2 ;Fokksnø ;Tørre flakskred ;Nedføyket svakt lag med nysnø ;Vedvarende svakt lag ;Tørre flakskred ;Kantkornet snø over skarelag ; ; ; ;Lite skred fjernuløst fra rygg av skiløper. Ingen tatt. Ingen skadet. ;150929
2018-03-15 ;Lyngen ;Tromsø ;0 ;Nestenulykke ;3 ;Ski ;2 ;Fokksnø ;Tørre flakskred ;Nedføyket svakt lag med nysnø ;Vedvarende svakt lag ;Tørre flakskred ;Kantkornet snø under skarelag ; ; ; ;Skiløperutløst skred. En fraktet med. Ingen skadet. ;151042
2018-03-14 ;Lofoten og Vesterålen ;Vågan ;0 ; ;1 ;Ski ;3 ;Vedvarende svakt lag ;Tørre flakskred ;Nedsnødd eller nedføyket kantkornet snø ;Fokksnø ;Tørre flakskred ;Nedføyket svakt lag med nysnø ; ; ; ;Skiløperutløst lite skred. Ingen tatt. Ingen skadet. Skredbanen krysser flere skispor. ;150554
2018-03-13 ;Trollheimen ;Hemne ;0 ; ;1 ;Ski ;2 ;Fokksnø ;Tørre flakskred ;Nedføyket svakt lag med nysnø ;Vedvarende svakt lag ;Tørre flakskred ;Nedsnødd eller nedføyket kantkornet snø ; ; ; ;Skiløper fjernutløste lite skred. Ingen tatt. Ingen skadet. ;150272
2018-03-13 ;Sunnmøre ;Ørsta ;0 ; ;1 ;Ski ;2 ;Fokksnø ;Tørre flakskred ;Nedføyket svakt lag med nysnø ;Vedvarende svakt lag ;Tørre flakskred ;Nedsnødd eller nedføyket kantkornet snø ; ; ; ;Skiløperutløst lite skred. Ingen tatt. Ingen skadet. ;150266
2018-03-13 ;Lyngen ;Tromsø ;0 ;Påvirket ingenting ;1 ;Ski ;2 ;Fokksnø ;Tørre flakskred ;Nedføyket svakt lag med nysnø ;Vedvarende svakt lag ;Tørre flakskred ;Kantkornet snø under skarelag ; ; ; ;Skiløperutløst lite skred. Ingen tatt. Ingen skadet. ;150188
2018-03-12 ;Ofoten ;Narvik ;0 ; ;1 ;Ski ;2 ;Nysnøflak ;Tørre flakskred ;Nedføyket svakt lag med nysnø ;Vedvarende svakt lag ;Tørre flakskred ;Nedsnødd eller nedføyket overflaterim ; ; ; ;Skiløperutløst skred. Ingen tatt. Ingen skadet. ;150021
2018-03-11 ;Romsdal ;Fræna ;0 ;Påvirket ingenting ;1 ;Ski ;2 ;Vedvarende svakt lag ;Tørre flakskred ;Nedsnødd eller nedføyket kantkornet snø ; ; ; ; ; ; ;Skiløperutløst lite skred. Ingen tatt. Ingen skadet. ;149802
2018-03-10 ;Lyngen ;Lyngen ;0 ;Nestenulykke ;1 ;Ski ;2 ;Fokksnø ;Tørre flakskred ;Dårlig binding mellom lag i fokksnøen ;Vedvarende svakt lag ;Tørre flakskred ;Kantkornet snø under skarelag ; ; ; ;Skiløperutløst lite skred. Ingen tatt. Ingen skadet. ;149738
2018-03-10 ;Jotunheimen ;Vang ;0 ;Påvirket ingenting ;1 ;Ski ;2 ;Vedvarende svakt lag ;Tørre flakskred ;Kantkornet snø over skarelag ;Vedvarende svakt lag ;Tørre flakskred ;Nedsnødd eller nedføyket overflaterim ; ; ; ;Skiløperutløst lite skred. Ingen tatt. Ingen skadet. ;149665
2018-03-09 ;Lyngen ;Lyngen ;0 ; ;4 ;Ski ;2 ;Fokksnø ;Tørre flakskred ;Dårlig binding mellom lag i fokksnøen ;Vedvarende svakt lag ;Tørre flakskred ;Kantkornet snø under skarelag ; ; ; ;Skiløperutløst lite skred. Ingen tatt. Ingen skadet. ;149574
2018-03-07 ;Lofoten og Vesterålen ;Vågan ;0 ;Annet ;2 ;Ski ;1 ;Vedvarende svakt lag ;Tørre flakskred ;Nedsnødd eller nedføyket kantkornet snø ; ; ; ; ; ; ;Skiløperutløst lite skred. Ingen tatt. Ingen skadet. ;149387
2018-03-06 ;Voss ;Voss ;0 ; ;4 ;Ski ;2 ;Vedvarende svakt lag ;Tørre flakskred ;Nedsnødd eller nedføyket kantkornet snø ; ; ; ; ; ; ;Fire skiløpere utløste lite skred. Ingen tatt. Ingen skadet. ;149162
2018-03-06 ;Romsdal ;Fræna ;0 ; ;1 ;Ski ;2 ;Vedvarende svakt lag ;Tørre flakskred ;Nedsnødd eller nedføyket kantkornet snø ;Fokksnø ;Tørre flakskred ;Nedføyket svakt lag med nysnø ; ; ; ;Skiløpere fjernutløste lite skred. Ingen tatt. Ingen skadet. ;149157
2018-03-04 ;Tromsø ;Karlsøy ;0 ;Personer skadet ;9 ;Ski ;2 ;Fokksnø ;Tørre flakskred ;Dårlig binding mellom lag i fokksnøen ;Vedvarende svakt lag ;Tørre flakskred ;Kantkornet snø under skarelag ; ; ; ;Gruppe på 9 utløste skred og alle ble tatt. 1 skadet, 2 fraktet til UNN ;149056
2018-03-04 ;Lofoten og Vesterålen ;Tjeldsund ;0 ;Påvirket ingenting ;3 ;Ski ;1 ;Vedvarende svakt lag ;Tørre flakskred ;Nedsnødd eller nedføyket kantkornet snø ; ; ; ; ; ; ;Skiløper i gruppe på 3 falt og fjernutløste skred Ble ført med 10 meter. Kom seg ut selv. Ikke skadet. ;148850
2018-03-04 ;Voss ;Voss ;0 ;Påvirket ingenting ;1 ;Ski ;2 ;Vedvarende svakt lag ;Tørre flakskred ;Nedsnødd eller nedføyket kantkornet snø ; ; ; ; ; ; ;Fjellskiløper fjernutløste lite skred. Ingen tatt. Ingen skadet ;148925
2018-03-03 ;Hardanger ;Odda ;0 ;Påvirket ingenting ;1 ;Ski ;2 ;Fokksnø ;Tørre flakskred ;Dårlig binding mellom lag i fokksnøen ; ; ; ; ; ; ;Skiløper utløste løssnøskred som igjen utløste flakskred. Ingen tatt. Ingen skadet. ;148683
2018-03-03 ;Tromsø ;Tromsø ;0 ;Påvirket ingenting ;1 ;Ski ;3 ;Fokksnø ;Tørre flakskred ;Dårlig binding mellom glatt skare og overliggende snø ;Vedvarende svakt lag ;Tørre flakskred ;Kantkornet snø under skarelag ; ; ; ;Skiløperutløst lite skred. Ingen tatt. Ingen skadet ;148662
2018-03-03 ;Vest-Finnmark ;Kvænangen ;0 ; ;1 ;Ski ;3 ;Fokksnø ;Tørre flakskred ;Dårlig binding mellom lag i fokksnøen ;Vedvarende svakt lag ;Tørre flakskred ;Nedsnødd eller nedføyket overflaterim ; ; ; ;Skiløper fjernutløste skred på 200 meters avstand. Ingen tatt. ;148685
2018-03-03 ;Tromsø ;Karlsøy ;0 ;Påvirket ingenting ;1 ;Ski ;3 ;Fokksnø ;Tørre flakskred ;Dårlig binding mellom glatt skare og overliggende snø ;Vedvarende svakt lag ;Tørre flakskred ;Kantkornet snø under skarelag ; ; ; ;Skiløper på isfisketur fjernutløste skred i lite heng. Ingen tatt. Ingen skadet. ;148720
2018-03-02 ;Indre Sogn ;Sogndal ;0 ;Ikke spesifisert ;3 ;Ski ;2 ;Fokksnø ;Tørre flakskred ;Nedføyket svakt lag med nysnø ; ; ; ; ; ; ;Skiløperutløst lite skred. Ingen tatt. Ingen skadet. ;148541
2018-03-02 ;Jotunheimen ;Lom ;0 ; ;1 ;Ski ;2 ;Vedvarende svakt lag ;Tørre flakskred ;Nedsnødd eller nedføyket overflaterim ;Vedvarende svakt lag ;Tørre flakskred ;Kantkornet snø over skarelag ; ; ; ;Skiløperutløst skred. Ført med skredmassene 50 meter. Ikke begravd. Kom seg ut ved egen hjelp. Ikke skadet. ;148633
2018-03-02 ;Indre Fjordane ;Jølster ;0 ; ;1 ;Ski ;2 ;Fokksnø ;Tørre flakskred ;Nedføyket svakt lag med nysnø ;Vedvarende svakt lag ;Tørre flakskred ;Nedsnødd eller nedføyket overflaterim ; ; ; ;Skiløperutløst lite skred. Ingen tatt. Ingen skadet. ;148555
2018-03-02 ;Indre Fjordane ;Førde ;0 ; ;1 ;Ski ;2 ;Fokksnø ;Tørre flakskred ;Nedføyket svakt lag med nysnø ;Vedvarende svakt lag ;Tørre flakskred ;Nedsnødd eller nedføyket overflaterim ; ; ; ;Skiløperutløst lite skred. Ingen tatt. Ingen skadet. ;148504
2018-03-01 ;Vest-Finnmark ;Alta ;0 ;Personer skadet ;3 ;Ski ;4 ;Fokksnø ;Tørre flakskred ;Dårlig binding mellom lag i fokksnøen ;Vedvarende svakt lag ;Tørre flakskred ;Nedsnødd eller nedføyket overflaterim ; ; ; ;Skoleklasse på tur utløste skred. 3 tatt. En skadet og fløyet til sykehus ;148543
2018-03-01 ;Indre Troms ;Balsfjord ;0 ; ;2 ;Ski ;2 ;Fokksnø ;Tørre flakskred ;Nedføyket svakt lag med nysnø ; ; ; ; ; ; ;Gruppe utløste skred. Ingen tatt. Ingen skadet ;148338
2018-03-01 ;Lofoten og Vesterålen ;Vågan ;0 ; ;1 ;Ski ;1 ;Fokksnø ;Tørre flakskred ;Dårlig binding mellom lag i fokksnøen ; ; ; ; ; ; ;Skiløperutløst lite skred. Ingen tatt. Ingen skadet. ;148650
2018-03-01 ;Vest-Agder ;Sirdal ;0 ; ;3 ;Snøskuter ; ; ; ; ; ; ; ; ; ; ;Snøøscooterfølge på 3 fjernutløste skred. Ingen tatt. Ingen skadet. ;148587
2018-02-28 ;Øst-Finnmark ;Sør-Varanger ;0 ; ;0 ;Bil ; ; ; ; ; ; ; ; ; ; ;Skred over vei.  Bil kjøret inn i skredet. Ingen skadet ;148152
2018-02-28 ;Hordalandskysten ;Bergen ;0 ; ;2 ;Ski ; ; ; ; ; ; ; ; ; ; ;Skiløper løste ut skred og ble ført med et stykke nedover. Kom seg ut for egen hjelp. Ikke skadet. ;148177
2018-02-28 ;Voss ;Voss ;0 ;Nestenulykke ;1 ;Ski ;2 ;Vedvarende svakt lag ;Tørre flakskred ;Nedsnødd eller nedføyket kantkornet snø ; ; ; ; ; ; ;Skiløperutløste lite skred. Ble tatt, men ikke skadet. ;148167
2018-02-28 ;Vest-Telemark ;Vinje ;0 ;Påvirket ingenting ;2 ;Ski ;2 ;Fokksnø ;Tørre flakskred ;Dårlig binding mellom glatt skare og overliggende snø ;Fokksnø ;Tørre flakskred ;Nedføyket svakt lag med nysnø ; ; ; ;Skiløper fjernutløste lite skred. Ikke tatt.Ingen skadet. ;148176
2018-02-28 ;Romsdal ;Rauma ;0 ;Nestenulykke ;6 ;Ski ;2 ;Fokksnø ;Tørre flakskred ;Nedføyket svakt lag med nysnø ;Vedvarende svakt lag ;Tørre flakskred ;Nedsnødd eller nedføyket overflaterim ; ; ; ;Seks skiløpere utløste og fem tatt av skred. Alle kom seg uskadet ut av skredet. Sjekket av helsepersonell, men ok. ;148130
2018-02-27 ;Sunnmøre ;Ørsta ;0 ; ;1 ;Ski ;2 ;Fokksnø ;Tørre flakskred ;Nedføyket svakt lag med nysnø ; ; ; ; ; ; ;Skiløper utløste lite skred. Ingen tatt, ingen skadet ;147937
2018-02-27 ;Indre Sogn ;Sogndal ;0 ;Påvirket ingenting ;1 ;Ski ;2 ;Fokksnø ;Tørre flakskred ;Dårlig binding mellom lag i fokksnøen ; ; ; ; ; ; ;Skiløper fjernutløste lite skred. Ikke tatt. ;147965
2018-02-27 ;Voss ;Samnanger ;0 ; ;1 ;Ski ;3 ;Fokksnø ;Tørre flakskred ;Nedføyket svakt lag med nysnø ; ; ; ; ; ; ;Skiløper utløste flere småskred. Ble ført ned et stykke, men kom seg ut ved egen hjelp. Ikke skadet ;147955
2018-02-26 ;Romsdal ;Rauma ;0 ; ;2 ;Ski ;3 ;Fokksnø ;Tørre flakskred ;Nedføyket svakt lag med nysnø ;Vedvarende svakt lag ;Tørre flakskred ;Nedsnødd eller nedføyket overflaterim ; ; ; ;Skiløperutløst skred. Klarte å kjøre ut av skredet. Ingen skadet. ;147773
2018-02-24 ;Helgeland ;Hemnes ;0 ; ;2 ;Ski ; ; ; ; ; ; ; ; ; ; ;To skiløpere fjernutløste skred. Ingen tatt. Skredet nådde akkurat ned stil skiløperne. Ingen skadet. ;147522
2018-02-24 ;Lofoten og Vesterålen ;Vågan ;0 ;Påvirket ingenting ;2 ;Ski ;1 ;Fokksnø ;Tørre flakskred ;Nedføyket svakt lag med nysnø ; ; ; ; ; ; ;To skiløpere fjernutløste skred. Ingen tatt. Ingen skadet. ;147530
2018-02-23 ;Svalbard øst ;Svalbard ;0 ; ;3 ;Snøskuter ; ; ; ; ; ; ; ; ; ; ;Stort flakskred fjernutløst av snøscooterfølge. Ingen tatt. Ingen skadet. ;147415
2018-02-21 ;Hordalandskysten ;Bergen ;0 ; ;1 ;Ski ; ; ; ; ; ; ; ; ; ; ;Skred utløst av skiløper som klarte å kjøre ut av skredet uten å bli tatt. ;147628
2018-02-21 ;Hallingdal ;Hemsedal ;0 ; ;1 ;Ski offpist ;2 ;Fokksnø ;Tørre flakskred ;Nedføyket svakt lag med nysnø ;Vedvarende svakt lag ;Tørre flakskred ;Kantkornet snø under skarelag ; ; ; ;Skred utløst i alpinanlegg. Mange skispor i nærheten. Men ingen nærmere observasjon om hendelsen. ;147009
2018-02-15 ;Rogaland ;Suldal ;0 ; ;1 ;Ski ; ; ; ; ; ; ; ; ; ; ;Skiløperutløst skred nær hyttebebyggelse. Begravd 20 cm.under snøen, men gravde seg selv ut. ;145723
2018-02-13 ;Ytre Fjordane ;Flora ;0 ; ;1 ;Ski ; ; ; ; ; ; ; ; ; ; ;Skiløperutløst skred. Usikkert hvor mange som var involvert. ;145448
2018-02-13 ;Hordalandskysten ;Bergen ;0 ; ;2 ;Ski ; ; ; ; ; ; ; ; ; ; ;Fjernutløst skred. En ført med og delvis begravd, men kom seg ut ved egen hjelp. ;145440
2018-02-13 ;Hallingdal ;Hemsedal ;0 ; ;4 ;Ski offpist ;2 ;Fokksnø ;Tørre flakskred ;Nedføyket svakt lag med nysnø ;Vedvarende svakt lag ;Tørre flakskred ;Kantkornet snø under skarelag ; ; ; ;Skiløperutløst skred. Ingen tatt. Ingen skadet. ;145385
2018-02-11 ;Rogaland ;Gjesdal ;0 ; ;3 ;Ski ; ; ; ; ; ; ; ; ; ; ;Utløst av folk på skitur på vei til hytte. 3 tatt. En begravd, en delvis begravd. Gravd frem av folk i turfølget. Til sykehus, men det gikk bra ;145590
2018-02-10 ;Hallingdal ;Hol ;0 ; ;1 ;Ski ;2 ;Fokksnø ;Tørre flakskred ;Nedføyket svakt lag med nysnø ;Vedvarende svakt lag ;Tørre flakskred ;Kantkornet snø under skarelag ; ; ; ;Lite løssnøskred utløst. Ingen tatt. ;145004
2018-02-10 ;Hardanger ;Sauda ;0 ;Leteaksjon igangsatt ;1 ;Ski offpist ;3 ;Fokksnø ;Tørre flakskred ;Nedføyket svakt lag med nysnø ;Vedvarende svakt lag ;Tørre flakskred ;Nedsnødd eller nedføyket kantkornet snø ; ; ; ;Skiløperutløst skred i skianlegg. Vanskelig å si hvor mange involverte. ;145090
2018-02-03 ;Sør-Troms ;Lenvik ;0 ; ;1 ;Ski ;1 ;Vedvarende svakt lag ;Tørre flakskred ;Kantkornet snø under skarelag ; ; ; ; ; ; ;Lite fjernuløst skred. Ingen tatt. ;144094
2018-02-03 ;Rogaland ;Forsand ;0 ; ;2 ;Ski ; ; ; ; ; ; ; ; ; ; ;Skiløperutløst skred. Ingen tatt. Ingen skadet. ;144203
2018-02-03 ;Hedmark ;Trysil ;0 ; ;1 ;Ski offpist ; ; ; ; ; ; ; ; ; ; ;Skiløperutløst skred? ;144003
2018-02-02 ;Vest-Telemark ;Vinje ;0 ;Påvirket ingenting ;1 ;Ski ;2 ;Fokksnø ;Tørre flakskred ;Nedføyket svakt lag med nysnø ;Vedvarende svakt lag ;Tørre flakskred ;Kantkornet snø over skarelag ; ; ; ;Skiløperutløst lite skred. Ingen tatt. Ingen skadet. ;143846
2018-02-02 ;Indre Sogn ;Sogndal ;0 ;Nestenulykke ;4 ;Ski ;2 ;Fokksnø ;Tørre flakskred ;Nedføyket svakt lag med nysnø ; ; ; ; ; ; ;Skikjørerutløst lite skred. Ingen tatt. Ingen skadet. ;143824
2018-02-02 ;Hallingdal ;Hemsedal ;0 ;Påvirket ingenting ;1 ;Ski ;2 ;Fokksnø ;Tørre flakskred ;Nedføyket svakt lag med nysnø ;Vedvarende svakt lag ;Tørre flakskred ;Kantkornet snø under skarelag ; ; ; ;Skiløperutløst lite skred. Ingen tatt. Ingen skadet. ;143788
2018-01-31 ;Indre Sogn ;Luster ;0 ;Ikke spesifisert ;1 ;Ski ;2 ;Nysnøflak ;Tørre flakskred ;Nedføyket svakt lag med nysnø ; ; ; ; ; ; ;Skiløperutløst lite skred. Ingen tatt. Ingen skadet. ;143456
2018-01-31 ;Romsdal ;Rauma ;0 ;Annet ;2 ;Ski ;3 ;Fokksnø ;Tørre flakskred ;Nedføyket svakt lag med nysnø ;Vedvarende svakt lag ;Tørre flakskred ;Nedsnødd eller nedføyket overflaterim ; ; ; ;Skiløperutløst skred. En tatt og skadet. Fraktet til sykehus ;143488
2018-01-27 ;Sunnmøre ;Ørskog ;0 ;Påvirket ingenting ;1 ;Ski ;3 ;Fokksnø ;Tørre flakskred ;Dårlig binding mellom lag i fokksnøen ;Vedvarende svakt lag ;Tørre flakskred ;Nedsnødd eller nedføyket overflaterim ; ; ; ;Skikjørerutløst lite skred. Ingen tatt. Ingen skadet. ;142723
2018-01-27 ;Trollheimen ;Oppdal ;0 ; ;3 ;Ski ;3 ;Fokksnø ;Tørre flakskred ;Dårlig binding mellom lag i fokksnøen ;Vedvarende svakt lag ;Tørre flakskred ;Nedsnødd eller nedføyket overflaterim ; ; ; ;Skikjørerutløst lite skred. Ingen tatt. Ingen skadet. ;142677
2018-01-26 ;Tromsø ;Tromsø ;0 ;Påvirket ingenting ;2 ;Ski ;1 ;Nysnøflak ;Tørre flakskred ;Nedføyket svakt lag med nysnø ; ; ; ; ; ; ;Skikjørerutløst lite skred. Ingen tatt. Ingen skadet. ;142523
2018-01-26 ;Sunnmøre ;Stranda ;0 ; ;2 ;Ski offpist ;2 ;Nysnøflak ;Tørre flakskred ;Nedføyket svakt lag med nysnø ;Vedvarende svakt lag ;Tørre flakskred ;Nedsnødd eller nedføyket overflaterim ; ; ; ;Skikjørere utløste lite skred. Ingen tatt. Ingen skadet. ;142924
2018-01-25 ;Telemark sør ;Bø ;0 ; ;2 ;Ski ; ; ; ; ; ; ; ; ; ; ;Skiløpere fjernutløste lite skred. Ingen tatt. Ingen skadet. ;142326
2018-01-25 ;Buskerud sør ;Nore og Uvdal ;0 ; ;2 ;Snøskuter ; ; ; ; ; ; ; ; ; ; ;Skred fjernuløst av snøscootere. Ingen tatt. Ingen skadet. ;142850
2018-01-24 ;Sør-Troms ;Ibestad ;0 ; ;3 ;Ski ;1 ;Vedvarende svakt lag ;Tørre flakskred ;Kantkornet snø under skarelag ; ; ; ; ; ; ;Skiløperutløst skred. Ingen tatt. Ingen skadet. ;152793
2018-01-24 ;Nordenskiöld Land ;Svalbard ;0 ; ;1 ;Ski ;2 ;Vedvarende svakt lag ;Tørre flakskred ;Kantkornet snø under skarelag ;Fokksnø ;Tørre flakskred ;Dårlig binding mellom lag i fokksnøen ; ; ; ;Skiløperutløst skred. Ingen tatt. Ingen skadet. ;142112
2018-01-21 ;Jotunheimen ;Vang ;0 ;Ikke spesifisert ;1 ;Ski ;3 ;Vedvarende svakt lag ;Tørre flakskred ;Nedsnødd eller nedføyket overflaterim ;Vedvarende svakt lag ;Tørre flakskred ;Kantkornet snø ved bakken ; ; ; ;Skiløperutløst lite skred. Ingen skadet. ;141585
2018-01-20 ;Voss ;Samnanger ;0 ;Påvirket ingenting ;1 ;Ski ;2 ;Nysnøflak ;Tørre flakskred ;Nedføyket svakt lag med nysnø ; ; ; ; ; ; ;Skiløperutløst skred. En tatt. Ingen skadet. ;141638
2018-01-17 ;Indre Sogn ;Sogndal ;0 ; ;2 ;Ski ;2 ;Fokksnø ;Tørre flakskred ;Nedføyket svakt lag med nysnø ; ; ; ; ; ; ;Skiløperutløst lite skred. Ingen skadet. ;141126
2018-01-10 ;Indre Sogn ;Sogndal ;0 ;Påvirket ingenting ;1 ;Ski ;2 ;Fokksnø ;Tørre flakskred ;Nedføyket svakt lag med nysnø ; ; ; ; ; ; ;Skiløperutløst lite skred. Ingen skadet. ;139975
2018-01-08 ;Sør-Troms ;Harstad ;0 ;Nestenulykke ;1 ;Ski ;3 ;Vedvarende svakt lag ;Tørre flakskred ;Nedsnødd eller nedføyket overflaterim ;Fokksnø ;Tørre flakskred ;Nedføyket svakt lag med nysnø ; ; ; ;Skiløperutløst skred. Ingen skadet. ;139630
2018-01-07 ;Hallingdal ;Hemsedal ;0 ; ;1 ;Ski ;3 ;Fokksnø ;Tørre flakskred ;Nedføyket svakt lag med nysnø ;Vedvarende svakt lag ;Tørre flakskred ;Kantkornet snø under skarelag ; ; ; ;Skiløper utløst lite skred. Ført med få meter. Ingen skadet. ;139141
2018-01-07 ;Hallingdal ;Gol ;0 ;Nestenulykke ;4 ;Ski ;3 ;Fokksnø ;Tørre flakskred ;Nedføyket svakt lag med nysnø ;Vedvarende svakt lag ;Tørre flakskred ;Kantkornet snø under skarelag ; ; ; ;Skiløperutløst skred. En ble sittende fast. Kom seg ut ved venners hjelp. Ingen skadet ;139165
2018-01-06 ;Lofoten og Vesterålen ;Vestvågøy ;0 ; ;2 ;Ski ;2 ;Fokksnø ;Tørre flakskred ;Nedføyket svakt lag med nysnø ; ; ; ; ; ; ;Skiløpere utløste skred. Ingen tatt. Ingen skadet. ;138942
2018-01-06 ;Telemark sør ;Seljord ;0 ; ;2 ;Ski ; ; ; ; ; ; ; ; ; ; ;Skiløpere fjernutløste lite skred. Ingen tatt. Ingen skadet. ;138955
2018-01-06 ;Hallingdal ;Hemsedal ;0 ;Ikke spesifisert ;2 ;Ski ;2 ;Fokksnø ;Tørre flakskred ;Dårlig binding mellom lag i fokksnøen ;Vedvarende svakt lag ;Tørre flakskred ;Kantkornet snø under skarelag ; ; ; ;Skiløperutløst skred. ;138890
2018-01-06 ;Sør-Troms ;Harstad ;0 ; ;1 ;Ski ;2 ;Vedvarende svakt lag ;Tørre flakskred ;Nedsnødd eller nedføyket overflaterim ;Fokksnø ;Tørre flakskred ;Nedføyket svakt lag med nysnø ; ; ; ;Skiløperutløst lite skred. Ingen tatt. Ingen skadet. ;138930
2018-01-06 ;Trollheimen ;Oppdal ;0 ; ;1 ;Ski ;2 ;Nysnøflak ;Tørre flakskred ;Nedføyket svakt lag med nysnø ; ; ; ; ; ; ;Skiløperutløst lite skred. Ingen tatt. Ingen skadet. ;138947
2018-01-06 ;Hallingdal ;Hemsedal ;0 ;Påvirket ingenting ;3 ;Ski ;2 ;Fokksnø ;Tørre flakskred ;Dårlig binding mellom lag i fokksnøen ;Vedvarende svakt lag ;Tørre flakskred ;Kantkornet snø under skarelag ; ; ; ;Skiløperutløst skred. Ingen tatt. Ingen skadet. ;138974
2018-01-06 ;Jotunheimen ;Vågå ;0 ;Personer skadet ;2 ;Ski offpist ;2 ;Fokksnø ;Tørre flakskred ;Nedføyket svakt lag med nysnø ;Fokksnø ;Tørre flakskred ;Dårlig binding mellom lag i fokksnøen ; ; ; ;Skiløper utløst skred. En tatt og skadet. Fraktet ut av Luftambulansen. ;138969
2018-01-05 ;Indre Sogn ;Luster ;0 ;Påvirket ingenting ;1 ;Ski ;2 ;Nysnøflak ;Tørre flakskred ;Nedføyket svakt lag med nysnø ; ; ; ; ; ; ;Skiløper fjernuløste lite skred. Ingen tatt. Ingen skadet. ;138790
2018-01-05 ;Ofoten ;Narvik ;0 ; ;2 ;Ski ;2 ;Fokksnø ;Tørre flakskred ;Dårlig binding mellom lag i fokksnøen ; ; ; ; ; ; ;Skiløpere utløst skred. Ingen skadet. ;138792
2017-12-31 ;Romsdal ;Rauma ;0 ; ;1 ;Ski ;2 ;Fokksnø ;Tørre flakskred ;Dårlig binding mellom lag i fokksnøen ; ; ; ; ; ; ;Skiløperutløst skred. En tatt. Ingen skadet. ;138096
2017-12-31 ;Svartisen ;Rana ;0 ; ;2 ;Ski ;2 ;Fokksnø ;Tørre flakskred ;Nedføyket svakt lag med nysnø ; ; ; ; ; ; ;Skiløperutløst skred. Ingen skadd. ;138029
2017-12-30 ;Vest-Agder ;Sirdal ;0 ; ;1 ;Ski ; ; ; ; ; ; ; ; ; ; ;Lite flakskred fjernutløst av skijører. Ingen tatt. ;137868
2017-12-30 ;Helgeland ;Vefsn ;0 ; ;1 ;Ski ; ; ; ; ; ; ; ; ; ; ;Skiløperutkøst lite skred. En ble stående fast med beina i snøen, men kom seg løs ved egen hjelp. ;137857
2017-12-30 ;Tromsø ;Tromsø ;0 ; ;2 ;Ski ;2 ;Fokksnø ;Tørre flakskred ;Nedføyket svakt lag med nysnø ; ; ; ; ; ; ;Skiløperutløst skred. Klarte å kjøre ut av skredet. Ingen skadet ;137874
2017-12-26 ;Romsdal ;Rauma ;0 ;Påvirket ingenting ;3 ;Ski offpist ;3 ;Fokksnø ;Tørre flakskred ;Nedføyket svakt lag med nysnø ; ; ; ; ; ; ;Skiløperutløst skred nært skitrekk. Ingen tatt. ;137237
2017-12-24 ;Lofoten og Vesterålen ;Vågan ;0 ; ;1 ;Ski ;3 ;Nysnøflak ;Tørre flakskred ;Nedføyket svakt lag med nysnø ; ; ; ; ; ; ;Skiløper utløste lite skred i renne. Ingen skadet ;136998
2017-12-18 ;Nord-Trøndelag ;Meråker ;0 ; ;1 ;Ski ; ; ; ; ; ; ; ; ; ; ;Skiløper utløste skred og ble tatt. Kom seg ut ved egen hjelp og var uskadd. ;135966
2017-12-17 ;Nord-Trøndelag ;Meråker ;0 ; ;2 ;Ski ; ; ; ; ; ; ; ; ; ; ;Skiløpere utløste skred og ble ført med 5 meter. Ingen skadd. ;135841
2017-12-17 ;Sunnmøre ;Sykkylven ;0 ;Nestenulykke ;3 ;Ski ;2 ;Nysnøflak ;Tørre flakskred ;Nedføyket svakt lag med nysnø ; ; ; ; ; ; ;Skiløpere utløste skred. Ingen tatt. Ingen skadet. ;135886
2017-12-13 ;Sør-Troms ;Lenvik ;0 ;Påvirket ingenting ;1 ;Snøskuter ;2 ;Fokksnø ;Tørre flakskred ;Dårlig binding mellom lag i fokksnøen ; ; ; ; ; ; ;Snøscooterutløst lite skred. Ingen skadet eller begravet ;135862
2017-12-10 ;Romsdal ;Rauma ;0 ; ;2 ;Bil ;3 ;Nysnøflak ;Tørre flakskred ;Nedføyket svakt lag med nysnø ;Fokksnø ;Tørre flakskred ;Dårlig binding mellom lag i fokksnøen ; ; ; ;Naturlig utløst skred. Bobil truffet.Skredvoll tok mesteparten av støyten. Ingen skadet. ;134794
2017-12-08 ;Lyngen ;Tromsø ;0 ;Nestenulykke ;2 ;Ski ;3 ;Fokksnø ;Tørre flakskred ;Nedføyket svakt lag med nysnø ;Vedvarende svakt lag ;Tørre flakskred ;Kantkornet snø under skarelag ; ; ; ;Skiløpere utløste skred. To tatt. Ingen begravd. Ingen skadet ;134651
2017-05-27 ;Sunnmøre ;Rauma ;0 ;Påvirket ingenting ;1 ;Ski ;1 ;Våte løssnøskred  ;Våte løssnøskred  ;Ubunden snø ;Glideskred ;Våte flakskred ;Vann ved bakken/smelting fra bakken ; ; ; ;Skiløper utløste skred. Ingen skadet. ;132874
2017-05-15 ;Sør-Troms ;Harstad ;0 ; ;2 ;Ski ;2 ;Våte løssnøskred  ;Våte løssnøskred  ;Ubunden snø ; ; ; ; ; ; ;Skiløpere utløste våtsnøskred. Ble tatt med et stykke nedover, men ikke skadet. ;127662
2017-05-14 ;Svartisen ;Meløy ;0 ; ;1 ;Ski ;1 ;Våte løssnøskred  ;Våte løssnøskred  ;Ubunden snø ; ; ; ; ; ; ;Skiløper utløste to små skred. Ingen tatt. Ingen skadet. ;127591
2017-05-14 ;Lofoten og Vesterålen ;Vågan ;0 ;Påvirket ingenting ;1 ;Ski ;1 ;Våte løssnøskred  ;Våte løssnøskred  ;Ubunden snø ; ; ; ; ; ; ;Skikjører utløste lite vått skred. Ingen tatt. Ingen skadet ;127583
2017-05-14 ;Lofoten og Vesterålen ;Kvæfjord ;0 ;Påvirket ingenting ;2 ;Ski ;1 ;Våte løssnøskred  ;Våte løssnøskred  ;Ubunden snø ; ; ; ; ; ; ;Lite vått flakskred utløst av 2 skijørere. Ingen tatt. Ingen skadet ;127584
2017-05-13 ;Sunnmøre ;Ørsta ;0 ;Nestenulykke ;1 ;Ski ;2 ;Våte flakskred ;Våte flakskred ;Opphopning av vann i/over lag i snødekket ;Våte løssnøskred  ;Våte løssnøskred  ;Ubunden snø ;Glideskred ;Våte flakskred ;Vann ved bakken/smelting fra bakken ;Skikjører løste ut og ble tatt av våtskred. Kom seg ut ved egen hjelp. Ingen skadet. Info fra  FB gruppe Toppturer i Nordvest ;132876
2017-05-07 ;Tromsø ;Tromsø ;0 ; ;4 ;Ski ;2 ;Fokksnø ;Tørre flakskred ;Nedføyket svakt lag med nysnø ;Vedvarende svakt lag ;Tørre flakskred ;Nedsnødd eller nedføyket kantkornet snø ; ; ; ;Gruppe på tur utløste lite skred. Ingen tatt. Ingen skadet. ;126965
2017-05-05 ;Nordenskiöld Land ;Longyearbyen ;0 ;Nestenulykke ;1 ;Ski ;2 ;Vedvarende svakt lag ;Tørre flakskred ;Nedsnødd eller nedføyket overflaterim ;Fokksnø ;Tørre flakskred ;Nedføyket svakt lag med nysnø ; ; ; ;Skiløper utløste skred. Ingen tatt. Ingen skadet. ;127008
2017-05-02 ;Helgeland ;Hattfjelldal ;0 ; ;2 ;Ski ; ; ; ; ; ; ; ; ; ; ;To skikjørere fjernutløste skred.Ingen tatt. Ingen skadet. ;126381
2017-05-01 ;Nordenskiöld Land ;Longyearbyen ;0 ; ;1 ;Snøbrett ;3 ;Vedvarende svakt lag ;Tørre flakskred ;Nedsnødd eller nedføyket overflaterim ;Fokksnø ;Tørre flakskred ;Dårlig binding mellom lag i fokksnøen ;Vedvarende svakt lag ;Tørre flakskred ;Kantkornet snø over skarelag ;Snowboarder fjernutløste lite skred. Ingen tatt. Ingen skadet. ;126385
2017-04-30 ;Indre Fjordane ;Stryn ;0 ;Påvirket ingenting ;2 ;Ski ;2 ;Fokksnø ;Tørre flakskred ;Nedføyket svakt lag med nysnø ;Våte løssnøskred  ;Våte løssnøskred  ;Ubunden snø ; ; ; ;Skiløperutløst skred. Ingen tatt. Ingen skadet. ;126153
2017-04-30 ;Hardanger ;Odda ;0 ; ;2 ;Ski ;2 ;Fokksnø ;Tørre flakskred ;Dårlig binding mellom lag i fokksnøen ;Våte løssnøskred  ;Våte løssnøskred  ;Ubunden snø ; ; ; ;Skiløper utløst skred. Kingen tatt. Ingen skadet ;126212
2017-04-29 ;Salten ;Bodø ;0 ; ;1 ;Ski ;2 ;Vedvarende svakt lag ;Tørre flakskred ;Nedsnødd eller nedføyket kantkornet snø ;Våte løssnøskred  ;Våte løssnøskred  ;Ubunden snø ; ; ; ;Skikjører utløsteskred. Ingen tatt. Ingen skadet. ;126080
2017-04-29 ;Trollheimen ;Sunndal ;0 ; ;6 ;Ski ;2 ;Fokksnø ;Tørre flakskred ;Nedføyket svakt lag med nysnø ;Våte løssnøskred  ;Våte løssnøskred  ;Ubunden snø ; ; ; ;Gruppe på seks utløste skred og ble tatt av skred. En skadet og hentet med helikopter. ;126073
2017-04-29 ;Jotunheimen ;Lom ;0 ; ;3 ;Ski ;3 ;Vedvarende svakt lag ;Tørre flakskred ;Nedsnødd eller nedføyket kantkornet snø ;Fokksnø ;Tørre flakskred ;Dårlig binding mellom lag i fokksnøen ;Våte løssnøskred  ;Våte løssnøskred  ;Ubunden snø ;Gruppe med tre utløste skred. Ingen tatt. Ingen skadet. ;126142
2017-04-29 ;Jotunheimen ;Lom ;0 ; ;1 ;Ski ;3 ;Vedvarende svakt lag ;Tørre flakskred ;Nedsnødd eller nedføyket kantkornet snø ;Fokksnø ;Tørre flakskred ;Dårlig binding mellom lag i fokksnøen ;Våte løssnøskred  ;Våte løssnøskred  ;Ubunden snø ;Skiløper utløst skred. Ingen tatt. Ingen skadet ;126133
2017-04-28 ;Voss ;Voss ;0 ; ;3 ;Ski ;2 ;Fokksnø ;Tørre flakskred ;Nedføyket svakt lag med nysnø ;Våte løssnøskred  ;Våte løssnøskred  ;Ubunden snø ; ; ; ;Gruppe på tre utløste skred. To tatt. Kom seg ut ved egen hjelp. Ingen skadet. ;125987
2017-04-23 ;Lofoten og Vesterålen ;Sortland ;0 ;Nestenulykke ;2 ;Ski ;2 ;Nysnøflak ;Tørre flakskred ;Nedføyket svakt lag med nysnø ;Vedvarende svakt lag ;Tørre flakskred ;Nedsnødd eller nedføyket kantkornet snø ; ; ; ;Gruppe på to utløste skred. ;125292
2017-04-23 ;Lofoten og Vesterålen ;Sortland ;0 ;Påvirket ingenting ;4 ;Ski ;2 ;Nysnøflak ;Tørre flakskred ;Nedføyket svakt lag med nysnø ;Vedvarende svakt lag ;Tørre flakskred ;Nedsnødd eller nedføyket kantkornet snø ; ; ; ;Gruppe på fire fjernutløste skred. Ingen tatt. Ingen sakdet. ;125287
2017-04-23 ;Salten ;Bodø ;0 ;Nestenulykke ;2 ;Ski ;3 ;Vedvarende svakt lag ;Tørre flakskred ;Nedsnødd eller nedføyket kantkornet snø ;Nysnøflak ;Tørre flakskred ;Nedføyket svakt lag med nysnø ; ; ; ;Skikjørere utløste skred. Ingen tatt. Ingen skadet. ;125290
2017-04-22 ;Tromsø ;Tromsø ;0 ;Påvirket ingenting ;1 ;Ski ;3 ;Vedvarende svakt lag ;Tørre flakskred ;Nedsnødd eller nedføyket kantkornet snø ;Nysnøflak ;Tørre flakskred ;Nedføyket svakt lag med nysnø ; ; ; ;Skikjører utløste skred. Sto igjen ved bruddkant. ;125161
2017-04-22 ;Hardanger ;Odda ;0 ; ;1 ;Ski ;2 ;Fokksnø ;Tørre flakskred ;Nedføyket svakt lag med nysnø ; ; ; ; ; ; ;Skikjører fjernutløste skred. Ingen tatt. Ingen skadet ;125166
2017-04-22 ;Salten ;Bodø ;0 ; ;8 ;Ski ;3 ;Nysnøflak ;Tørre flakskred ;Nedføyket svakt lag med nysnø ;Vedvarende svakt lag ;Tørre flakskred ;Nedsnødd eller nedføyket kantkornet snø ; ; ; ;Gruppe med skikjørere fjernutløste skred. Ingen tatt. Ingen skadet ;125104
2017-04-21 ;Lofoten og Vesterålen ;Vågan ;0 ;Påvirket ingenting ;1 ;Ski ;2 ;Nysnøflak ;Tørre flakskred ;Nedføyket svakt lag med nysnø ; ; ; ; ; ; ;Skiløper fjernutløste skred. Ingen tatt. Ingen skadet. ;125035
2017-04-21 ;Lofoten og Vesterålen ;Vågan ;0 ; ;6 ;Ski ;2 ;Nysnøflak ;Tørre flakskred ;Nedføyket svakt lag med nysnø ; ; ; ; ; ; ;Gruppe fjernutløste skred fra rygg. Ingen tatt. Ingen skadet ;125042
2017-04-21 ;Lyngen ;Lyngen ;0 ;Annet ;1 ;Ski ;2 ;Vedvarende svakt lag ;Tørre flakskred ;Nedsnødd eller nedføyket kantkornet snø ;Fokksnø ;Tørre flakskred ;Nedføyket svakt lag med nysnø ;Våte løssnøskred  ;Våte løssnøskred  ;Ubunden snø ;Skikjører tatt av skred og ført nedover enne. Kom seg ut ved egen hjelp. Ingen skadet. ;125054
2017-04-21 ;Salten ;Fauske ;0 ; ;6 ;Ski ;3 ;Nysnøflak ;Tørre flakskred ;Nedføyket svakt lag med nysnø ;Vedvarende svakt lag ;Tørre flakskred ;Nedsnødd eller nedføyket kantkornet snø ; ; ; ;Gruppe med skikjørere fjernutløste skred. Ingen tatt. Ingen skadet ;125009
2017-04-21 ;Lofoten og Vesterålen ;Hadsel ;0 ;Påvirket ingenting ;1 ;Ski ;2 ;Nysnøflak ;Tørre flakskred ;Nedføyket svakt lag med nysnø ; ; ; ; ; ; ;Skiløper fjernutløste skred. Ingen tatt. Ingen skadet. ;125022
2017-04-21 ;Jotunheimen ;Luster ;0 ;Påvirket ingenting ;3 ;Ski ;3 ;Fokksnø ;Tørre flakskred ;Nedføyket svakt lag med nysnø ;Vedvarende svakt lag ;Tørre flakskred ;Nedsnødd eller nedføyket kantkornet snø ; ; ; ;3 skiløpere utløste skred. 1 tatt og delvis begravd. Var synlig og kom seg ut uten skader. ;125036
2017-04-21 ;Nord-Troms ;Nordreisa ;0 ;Påvirket ingenting ;1 ;Ski ;2 ;Fokksnø ;Tørre flakskred ;Nedføyket svakt lag med nysnø ;Våte løssnøskred  ;Våte løssnøskred  ;Ubunden snø ; ; ; ;Skiløperutløst skred i konveks formasjon. Ingen tatt. Ingen skadet. ;124981
2017-04-17 ;Indre Fjordane ;Jølster ;0 ; ;1 ;Ski ;2 ;Tørre løssnøskred ;Tørre løssnøskred  ;Ubunden snø ;Nysnøflak ;Tørre flakskred ;Dårlig binding mellom glatt skare og overliggende snø ; ; ; ;Skiløperutløst skred. Ingen tatt. Ingen skadet. ;124579
2017-04-16 ;Indre Fjordane ;Eid ;0 ;Påvirket ingenting ;6 ;Ski ;2 ;Nysnøflak ;Tørre flakskred ;Nedføyket svakt lag med nysnø ; ; ; ; ; ; ;Skiløpere utløste to små skred. Ingen tatt.Ingen skadet ;124395
2017-04-15 ;Voss ;Voss ;0 ;Påvirket ingenting ;1 ;Ski ;2 ;Fokksnø ;Tørre flakskred ;Nedføyket svakt lag med nysnø ;Våte løssnøskred  ;Våte løssnøskred  ;Ubunden snø ; ; ; ;Skiløperutløst lite skred. Ingen tatt. Ingen skadet. ;124287
2017-04-15 ;Svartisen ;Rødøy ;0 ;Nestenulykke ;1 ;Ski ;2 ;Fokksnø ;Tørre flakskred ;Nedføyket svakt lag med nysnø ;Våte løssnøskred  ;Våte løssnøskred  ;Ubunden snø ; ; ; ;Fjellskiutløperutløst skred. Ingen tatt. Ingen skadet. ;124300
2017-04-15 ;Hallingdal ;Hemsedal ;0 ;Påvirket ingenting ;1 ;Ski ;1 ;Fokksnø ;Tørre flakskred ;Dårlig binding mellom lag i fokksnøen ; ; ; ; ; ; ;Skiløperutløst lite skred. Ingen tatt. Ingen skadet. ;124301
2017-04-14 ;Hardanger ;Odda ;0 ; ;1 ;Ski ;2 ;Fokksnø ;Tørre flakskred ;Nedføyket svakt lag med nysnø ;Våte løssnøskred  ;Våte løssnøskred  ;Ubunden snø ; ; ; ;Skiløperutløst skred. En tatt. Ingen skadet. ;124293
2017-04-14 ;Trollheimen ;Oppdal ;0 ;Påvirket ingenting ;1 ;Ski ;2 ;Fokksnø ;Tørre flakskred ;Nedføyket svakt lag med nysnø ;Våte løssnøskred  ;Våte løssnøskred  ;Ubunden snø ; ; ; ;Skiløper utløste skred på konveks formasjon. Ingen tatt. Ingen skadet. ;124177
2017-04-14 ;Tromsø ;Tromsø ;0 ;Påvirket ingenting ;2 ;Ski ;2 ;Fokksnø ;Tørre flakskred ;Dårlig binding mellom lag i fokksnøen ;Våte løssnøskred  ;Våte løssnøskred  ;Ubunden snø ; ; ; ;Skiløper utløst skred. Kom seg ut ved egen hjelp. Ingen skadet ;124208
2017-04-13 ;Sør-Troms ;Ibestad ;0 ;Nestenulykke ;1 ;Ski ;2 ;Fokksnø ;Tørre flakskred ;Dårlig binding mellom lag i fokksnøen ;Våte løssnøskred  ;Våte løssnøskred  ;Ubunden snø ; ; ; ;Skred utløst av skikjører. Fikk kjørt ut av skredet. Ingen skadet. ;124051
2017-04-13 ;Tromsø ;Tromsø ;0 ; ;1 ;Ski ;2 ;Fokksnø ;Tørre flakskred ;Dårlig binding mellom lag i fokksnøen ;Våte løssnøskred  ;Våte løssnøskred  ;Ubunden snø ; ; ; ;Skiløperutløst skred. Ingen tatt, ingen skadet. ;124087
2017-04-13 ;Lyngen ;Lyngen ;0 ;Nestenulykke ;2 ;Snøbrett ;2 ;Fokksnø ;Tørre flakskred ;Dårlig binding mellom lag i fokksnøen ;Våte løssnøskred  ;Våte løssnøskred  ;Ubunden snø ; ; ; ;To splitboardere utløste skred. Ble ført med nedover. Kom seg ut ved egen hjelp. Ingen skadet. ;124086
2017-04-12 ;Lofoten og Vesterålen ;Hadsel ;0 ;Ikke spesifisert ;3 ;Ski ;2 ;Våte løssnøskred  ;Våte løssnøskred  ;Ubunden snø ;Fokksnø ;Tørre flakskred ;Nedføyket svakt lag med nysnø ; ; ; ;Turfølge utløste skred. En ble ført med skredet, men kom seg ut ved egen hjelp. Ingen skadet ;123932
2017-04-12 ;Sør-Troms ;Berg ;0 ;Påvirket ingenting ;5 ;Snøbrett ;2 ;Fokksnø ;Tørre flakskred ;Dårlig binding mellom lag i fokksnøen ;Våte løssnøskred  ;Våte løssnøskred  ;Ubunden snø ; ; ; ;Skred utløst av snøbrettkjører. Ingen tatt. Ingen skadet. ;158458
2017-04-11 ;Sunnmøre ;Ørsta ;0 ;Nestenulykke ;2 ;Ski ;3 ;Nysnøflak ;Tørre flakskred ;Nedføyket svakt lag med nysnø ; ; ; ; ; ; ;Turfølge utløste skred. Kom seg ut ved egen hjelp. Ingen skadet ;123925, 123860
2017-04-09 ;Romsdal ;Nesset ;1 ;Personer omkommet ;2 ;Ski ;2 ;Våte løssnøskred  ;Våte løssnøskred  ;Ubunden snø ; ; ; ; ; ; ;Toppskavl brakk. En person falt flere hundre meter og omkom ;132878
2017-04-09 ;Lyngen ;Lyngen ;0 ;Påvirket ingenting ;6 ;Snøskuter ;2 ;Fokksnø ;Tørre flakskred ;Dårlig binding mellom lag i fokksnøen ;Dypt vedvarende svakt lag ;Tørre flakskred ;Kantkornet snø over skarelag ; ; ; ;Snøscooterutløst lite skred. Ingen skadet ;123440
2017-04-08 ;Tromsø ;Tromsø ;0 ; ;1 ;Ski ;2 ;Nysnøflak ;Tørre flakskred ;Nedføyket svakt lag med nysnø ;Våte løssnøskred  ;Våte løssnøskred  ;Ubunden snø ; ; ; ;Skiløperutløst skred. Ingen tatt, ingen skadet. ;123418
2017-04-06 ;Lyngen ;Lyngen ;0 ;Påvirket ingenting ;1 ;Snøbrett ;2 ;Nysnøflak ;Tørre flakskred ;Nedføyket svakt lag med nysnø ;Dypt vedvarende svakt lag ;Tørre flakskred ;Kantkornet snø over skarelag ; ; ; ;Skred løst ut av snøbrettkjører på toppen av heng. Ingen tatt, ingen skadet ;123030
2017-04-02 ;Tromsø ;Tromsø ;0 ; ;1 ;Ski ;2 ;Fokksnø ;Tørre flakskred ;Nedføyket svakt lag med nysnø ;Vedvarende svakt lag ;Tørre flakskred ;Kantkornet snø over skarelag ; ; ; ;Skiløper utløste lite skred. Ingen tatt, ingen skadet ;122391
2017-04-01 ;Nord-Troms ;Kåfjord ;0 ;Påvirket ingenting ;1 ;Ski ;2 ;Fokksnø ;Tørre flakskred ;Nedføyket svakt lag med nysnø ;Vedvarende svakt lag ;Tørre flakskred ;Kantkornet snø over skarelag ; ; ; ;Skiløperutløst skred. Ingen tatt, ingen skadet. ;122326
2017-04-01 ;Jotunheimen ;Lom ;0 ; ;1 ;Ski ;2 ;Fokksnø ;Tørre flakskred ;Dårlig binding mellom lag i fokksnøen ;Vedvarende svakt lag ;Tørre flakskred ;Kantkornet snø over skarelag ; ; ; ;Skiløperutløst skred. Ingen tatt, ingen skadet. ;122242
2017-03-28 ;Lyngen ;Lyngen ;0 ;Påvirket ingenting ;6 ;Ski ;4 ;Nysnøflak ;Tørre flakskred ;Nedføyket svakt lag med nysnø ;Vedvarende svakt lag ;Tørre flakskred ;Kantkornet snø over skarelag ; ; ; ;Turfølge på seks utløste skred. Ingen tatt. ;121918
2017-03-23 ;Vest-Telemark ;Tinn ;0 ; ;2 ;Ski ;2 ;Nysnøflak ;Tørre flakskred ;Nedføyket svakt lag med nysnø ;Vedvarende svakt lag ;Tørre flakskred ;Kantkornet snø over skarelag ; ; ; ;Skred utløst av to skiløpere. En tatt men kom seg ut ved egen hjelp. Ingen skadet ;120704
2017-03-20 ;Lyngen ;Lyngen ;0 ; ;5 ;Ski ;3 ;Fokksnø ;Tørre flakskred ;Nedføyket svakt lag med nysnø ;Vedvarende svakt lag ;Tørre flakskred ;Kantkornet snø over skarelag ; ; ; ;Turfølge på 5-6 utløste skred på overside ned mot elvedal. Ingen tatt ;120218
2017-03-19 ;Indre Sogn ;Lærdal ;0 ; ;1 ;Ski ;2 ;Fokksnø ;Tørre flakskred ;Nedføyket svakt lag med nysnø ;Vedvarende svakt lag ;Tørre flakskred ;Kantkornet snø over skarelag ; ; ; ;Skiløper løste ut skred. Begravd til hofte. Uskadet. ;120008
2017-03-18 ;Hallingdal ;Hemsedal ;0 ;Nestenulykke ;1 ;Ski ;3 ;Fokksnø ;Tørre flakskred ;Dårlig binding mellom lag i fokksnøen ;Vedvarende svakt lag ;Tørre flakskred ;Kantkornet snø over skarelag ; ; ; ;Utløst av skikjører. Skispor inn og ut av skredet. Ingen skadet ;119871
2017-03-16 ;Lyngen ;Lyngen ;1 ;Personer omkommet ;4 ;Ski ;3 ;Nysnøflak ;Tørre flakskred ;Nedføyket svakt lag med nysnø ;Vedvarende svakt lag ;Tørre flakskred ;Kantkornet snø over skarelag ; ; ; ;Turfølge på 4 løste ut skred. 2 tatt. En funnet raskt og overlevde.  En etter 2 timer. Døde dagen etter. ;119839
2017-03-15 ;Hallingdal ;Hol ;0 ;Personer skadet ;6 ;Ski ;3 ;Fokksnø ;Tørre flakskred ;Nedføyket svakt lag med nysnø ;Vedvarende svakt lag ;Tørre flakskred ;Kantkornet snø over skarelag ; ; ; ;Turfølge på 6 utløste skred. En ble tatt og begravd. Gravd frem etter nærmere 4 timer . I live. ;132877
2017-03-14 ;Lyngen ;Lyngen ;0 ; ;1 ;Ski ;3 ;Vedvarende svakt lag ;Tørre flakskred ;Kantkornet snø over skarelag ;Fokksnø ;Tørre flakskred ;Dårlig binding mellom lag i fokksnøen ; ; ; ;Skred utløst av gruppe på tur. En begravd til brystet. Ingen skadet. Kom ut ved egen hjelp ;119225
2017-03-12 ;Lyngen ;Balsfjord ;0 ;Nestenulykke ;5 ;Ski ;3 ;Nysnøflak ;Tørre flakskred ;Nedføyket svakt lag med nysnø ;Vedvarende svakt lag ;Tørre flakskred ;Kantkornet snø over skarelag ; ; ; ;Gruppe utløste skred. Kom seg akkurat unna slik at ingen ble tatt ;118826
2017-03-12 ;Tromsø ;Tromsø ;0 ;Personer skadet ;3 ;Ski ;3 ;Nysnøflak ;Tørre flakskred ;Nedføyket svakt lag med nysnø ;Vedvarende svakt lag ;Tørre flakskred ;Kantkornet snø over skarelag ; ; ; ;Skikjørere utløste skred i bratt renne. Kom seg ut for egen hjelp. En skadet og ble sendt til sykehus ;132879
2017-03-10 ;Hallingdal ;Hemsedal ;0 ;Ikke spesifisert ;1 ;Ski ;3 ;Fokksnø ;Tørre flakskred ;Nedføyket svakt lag med nysnø ;Vedvarende svakt lag ;Tørre flakskred ;Kantkornet snø over skarelag ; ; ; ; ;118540
2017-03-10 ;Lofoten og Vesterålen ;Vågan ;0 ; ;1 ;Ski ;1 ;Nysnøflak ;Tørre flakskred ;Nedføyket svakt lag med nysnø ; ; ; ; ; ; ;Skiløperutløst lite skred. Ingen tatt. Ingen skadet. ;118530
2017-03-10 ;Vest-Telemark ;Tinn ;0 ;Nestenulykke ;1 ;Ski ;2 ;Fokksnø ;Tørre flakskred ;Nedføyket svakt lag med nysnø ;Vedvarende svakt lag ;Tørre flakskred ;Kantkornet snø over skarelag ; ; ; ;Skiløperutløst skred i renne. Ingen skadet. ;118488
2017-03-07 ;Lyngen ;Lyngen ;0 ; ;1 ;Snøskuter ;2 ;Fokksnø ;Tørre flakskred ;Nedføyket svakt lag med nysnø ;Vedvarende svakt lag ;Tørre flakskred ;Kantkornet snø over skarelag ; ; ; ;Snøscooterutløst lite skred. Ingen skadet ;117996
2017-03-05 ;Voss ;Modalen ;0 ; ;1 ;Ski ;3 ;Fokksnø ;Tørre flakskred ;Dårlig binding mellom lag i fokksnøen ;Vedvarende svakt lag ;Tørre flakskred ;Nedsnødd eller nedføyket kantkornet snø ; ; ; ;Skiløperutløst skred. Ingen tatt, ingen skadet. ;117721
2017-03-02 ;Tromsø ;Tromsø ;0 ; ;1 ;Ski ;2 ;Fokksnø ;Tørre flakskred ;Nedføyket svakt lag med nysnø ; ; ; ; ; ; ;Skiløper utløste lite skred. Uvisst om han ble tatt. Ingen ble skadet ;117867
2017-02-27 ;Tromsø ;Tromsø ;0 ;Ikke spesifisert ;1 ;Ski offpist ;3 ;Fokksnø ;Tørre flakskred ;Nedføyket svakt lag med nysnø ;Vedvarende svakt lag ;Tørre flakskred ;Kantkornet snø over skarelag ; ; ; ;Skikjører løste ut skred og seilte med 20 meter. Ble ikke skadet og kom seg ut ved egen hjlep ;116857
2017-02-24 ;Indre Troms ;Balsfjord ;0 ;Nestenulykke ;1 ;Snøbrett ;3 ;Fokksnø ;Tørre flakskred ;Nedføyket svakt lag med nysnø ; ; ; ; ; ; ;Brettkjører utløset skred over seg. Ble ført 20 meter. Kom seg ut ved egen hjelp uskadet. ;116366
2017-02-23 ;Indre Sogn ;Sogndal ;0 ;Nestenulykke ;1 ;Ski ;3 ;Fokksnø ;Tørre flakskred ;Nedføyket svakt lag med nysnø ;Vedvarende svakt lag ;Tørre flakskred ;Kantkornet snø over skarelag ; ; ; ;Skiløper utløst skred. Kom seg ut ved egen hjelp. Ingen skadet ;116124
2017-02-23 ;Indre Sogn ;Sogndal ;0 ;Personer skadet ;1 ;Ski offpist ;3 ;Fokksnø ;Tørre flakskred ;Nedføyket svakt lag med nysnø ;Vedvarende svakt lag ;Tørre flakskred ;Kantkornet snø over skarelag ; ; ; ;Skiløperutløst skred. En person skadet ;117458
2017-02-22 ;Tromsø ;Tromsø ;0 ; ;1 ;Ski offpist ;3 ;Fokksnø ;Tørre flakskred ;Nedføyket svakt lag med nysnø ; ; ; ; ; ; ;Skiløperutløst skred. Muligens to. Ingen skadet ;116033
2017-02-21 ;Vest-Finnmark ;Loppa ;0 ; ;1 ;Ski ;3 ;Fokksnø ;Tørre flakskred ;Nedføyket svakt lag med nysnø ; ; ; ; ; ; ;Skiløperutløst skred. Ingen skadet ;116060
2017-01-19 ;Lyngen ;Lyngen ;0 ;Nestenulykke ;1 ;Ski ;3 ;Fokksnø ;Tørre flakskred ;Dårlig binding mellom lag i fokksnøen ; ; ; ; ; ; ;En skikjører utløste lite skred i testheng. Ingen skadet ;111315
2017-01-16 ;Lofoten og Vesterålen ;Vågan ;0 ;Nestenulykke ;2 ;Ski ;3 ;Vedvarende svakt lag ;Tørre flakskred ;Nedsnødd eller nedføyket kantkornet snø ;Våte løssnøskred  ;Våte løssnøskred  ;Ubunden snø ; ; ; ;To skikjørere utløste skred. Ingen tatt. ;110793
2017-01-15 ;Salten ;Fauske ;0 ;Ikke spesifisert ;1 ;Ski ;3 ;Nysnøflak ;Tørre flakskred ;Nedføyket svakt lag med nysnø ; ; ; ; ; ; ;En person utløste lite skred. Ingen tatt. ;110590
2017-01-14 ;Jotunheimen ;Vågå ;0 ;Nestenulykke ;4 ;Ski ;2 ;Fokksnø ;Tørre flakskred ;Nedføyket svakt lag med nysnø ; ; ; ; ; ; ;Turfølge på tre utløste skred. En tatt. Ingen skadet. En utløste et skred. Ingen tatt ;110450
2017-01-07 ;Tromsø ;Tromsø ;0 ;Påvirket ingenting ;2 ;Ski ;2 ;Nysnøflak ;Tørre flakskred ;Nedføyket svakt lag med nysnø ; ; ; ; ; ; ;Turfølge på to løste ut skred. En ble med skredet ned et stykke. Ingen skadet. Kom seg ut for egen hjelp ;109292
2017-01-06 ;Lyngen ;Balsfjord ;0 ; ;2 ;Ski ;2 ;Nysnøflak ;Tørre flakskred ;Nedføyket svakt lag med nysnø ;Vedvarende svakt lag ;Tørre flakskred ;Kantkornet snø under skarelag ; ; ; ;Turfølge på to løste ut skred. En ble med skredet ned et stykke. Ingen skadet. Kom seg ut for egen hjelp ;109159
2016-11-13 ;Sunnmøre ;Ørsta ;0 ; ;3 ;Ski ; ; ; ; ; ; ; ; ; ; ;Turfølge på to løste ut skred. En person + en hund ble tatt. Ingen ble skadet. Kom seg ut for egen hjelp. ;132880
2016-06-13 ; ; ;0 ; ;7 ;Ski ; ; ; ; ; ; ; ; ; ; ;Turfølge på syv utløste skred. Seks tatt. Ingen skadet. Kom seg ut for egen hjelp. ;132881
2016-05-01 ;Fjordane ;Gaular ;0 ;Trafikk hindret ;1 ;Bil ;2 ;Vedvarende svakt lag ;Tørre flakskred ;Kantkornet snø over skarelag ;Våte løssnøskred  ;Våte løssnøskred  ;Ubunden snø ; ; ; ;En bil (eller tilhenger) tatt i skred. ;96291
2016-05-01 ;Romsdal ;Vestnes ;0 ;Nestenulykke ;3 ;Ski ;2 ;Våte løssnøskred  ;Våte løssnøskred  ;Ubunden snø ;Vedvarende svakt lag ;Tørre flakskred ;Kantkornet snø over skarelag ; ; ; ;Turfølge på tre utløste snøskred, ingen skadet. ;96290
2016-05-01 ;Sunnmøre ;Ørsta ;0 ;Nestenulykke ;3 ;Ski ;2 ;Våte løssnøskred  ;Våte løssnøskred  ;Ubunden snø ;Vedvarende svakt lag ;Tørre flakskred ;Kantkornet snø over skarelag ; ; ; ;To skred ble utløst av tre skikjørere på vei opp Slogen. Ingen ble tatt. ;96272
2016-04-30 ;Sogn ;Luster ;0 ; ;10 ;Ski ;3 ;Vedvarende svakt lag ;Tørre flakskred ;Kantkornet snø over skarelag ;Våte løssnøskred  ;Våte løssnøskred  ;Ubunden snø ; ; ; ;Guidet turgruppe fra High Camp Turtagrø. Ti stk i turfølget, ni av de tatt av skredet. To stk moderat til alvorlig skadet. ;96215
2016-04-30 ;Jotunheimen ;Lom ;0 ;Personer omkommet ;3 ;Ski ;3 ;Vedvarende svakt lag ;Tørre flakskred ;Nedsnødd eller nedføyket kantkornet snø ;Nysnøflak ;Tørre flakskred ;Nedføyket svakt lag med nysnø ; ; ; ;Et turfølge på tre, en tatt og begravd til brysthøyde. ;96091, 96151
2016-04-30 ;Romsdal ;Rauma ;1 ;Personer omkommet ;1 ;Ski ;3 ;Vedvarende svakt lag ;Tørre flakskred ;Kantkornet snø over skarelag ;Våte løssnøskred  ;Våte løssnøskred  ;Ubunden snø ; ; ; ;Svensk skikjører ble tatt av et skred og ført inn i skog. ;96127
2016-04-30 ;Sogn ;Luster ;0 ;Nestenulykke ;3 ;Ski ;3 ;Vedvarende svakt lag ;Tørre flakskred ;Kantkornet snø over skarelag ;Våte løssnøskred  ;Våte løssnøskred  ;Ubunden snø ; ; ; ;Et turfølge på tre stk utløste skred, ingen ble tatt. ;96084
2016-04-30 ; ;Jondal ;0 ; ;5 ;Ski ; ; ; ; ; ; ; ; ; ; ;Skikjørere (uvisst hvor mange) utløste skred i leheng. Mistet ski osv, ingen begravd. ;96061
2016-04-30 ;Harstad ;Lom ;0 ; ;3 ;Ski ; ; ; ; ; ; ; ; ; ; ;Skikjørere utløste et snøskred på 250-300 meters bredde i bratthenget opp mot Vesleloftet i Lom. Ingen skadd. ;96507
2016-04-24 ;Voss ;Aurland ;1 ;Personer omkommet ;1 ;Ski ;2 ;Vedvarende svakt lag ;Tørre flakskred ;Kantkornet snø under skarelag ;Fokksnø ;Tørre flakskred ;Dårlig binding mellom lag i fokksnøen ; ; ; ;Mann omkom av snøskred, ble ført med snøen ned en renne og begravet. ;95346
2016-04-22 ;Jotunheimen ;Lom ;0 ;Nestenulykke ;2 ;Ski ;3 ;Fokksnø ;Tørre flakskred ;Nedføyket svakt lag med nysnø ; ; ; ; ; ; ;To skiløpere står oppe på en skavel under Tverrbytthornet. To sto ned, en ble tatt av raset og ble ført ca 100 meter nedover. ;95185
2016-04-15 ;Narvik ;Narvik ;0 ; ;7 ;Ski ;2 ;Fokksnø ;Tørre flakskred ;Nedføyket svakt lag med nysnø ;Våte løssnøskred  ;Våte løssnøskred  ;Ubunden snø ; ; ; ;7 tyske turister utløste et skred, en skadet. ;93268
2016-04-02 ;Sogn ;Luster ;0 ;Nestenulykke ;2 ;Ski ;2 ;Fokksnø ;Tørre flakskred ;Dårlig binding mellom lag i fokksnøen ;Våte løssnøskred  ;Våte løssnøskred  ;Ubunden snø ; ; ; ;Turfølge tatt av snøskred, redningstjenste kontaktet, men de involverte gjennomførte kameratredning. ;91741
2016-03-27 ;Lyngsalpan ;Lyngen ;1 ;Personer omkommet ;1 ;Ski ;3 ;Våte flakskred ;Våte flakskred ;Opphopning av vann i/over lag i snødekket ;Nysnøflak ;Tørre flakskred ;Nedføyket svakt lag med nysnø ; ; ; ;Mann falt fra skavl, utløste et snøskred, ble begravd under 1,5 m med snø. ;91373
2016-03-23 ;Lofoten ;Vågan ;0 ;Nestenulykke ;1 ;Ski ;2 ;Nysnøflak ;Tørre flakskred ;Nedføyket svakt lag med nysnø ;Våte løssnøskred  ;Våte løssnøskred  ;Ubunden snø ; ; ; ;Mann tatt av snøskred, mistet skiene. ;90743
2016-03-08 ; ;Valle ;0 ; ;7 ;Snøskuter ; ; ; ; ; ; ; ; ; ; ;Følge på syv snøskutere, tre snøskutere tatt av skredet. Den ene mer eller mindre begravd. Ingen skader. ;87535
2016-03-04 ;Tromsø ;Skjervøy ;0 ;Ikke spesifisert ;2 ;Snøskuter ;2 ;Nysnøflak ;Tørre flakskred ;Nedføyket svakt lag med nysnø ;Dypt vedvarende svakt lag ;Tørre flakskred ;Kantkornet snø over skarelag ; ; ; ;To snøskuterkjørere utløste skredet. En truffet av skredet, men ikke begravd eller skadet. ;86197
2016-03-03 ;Kåfjord ;Kåfjord ;0 ;Nestenulykke ;1 ;Snøskuter ;2 ;Fokksnø ;Tørre flakskred ;Nedføyket svakt lag med nysnø ;Dypt vedvarende svakt lag ;Tørre flakskred ;Kantkornet snø over skarelag ; ; ; ;Skuterkjører utløste skred. Ble tatt, men kom seg ut. Skred løsnet på kantkornlaget ;83884
2016-03-02 ;Fjordane ;Høyanger ;0 ;Påvirket ingenting ;1 ;Fots ;3 ;Fokksnø ;Tørre flakskred ;Nedføyket svakt lag med nysnø ; ; ; ; ; ; ;Jogger merket snøskyen godt, ingen skader skjedd. ;83803
2016-02-25 ;Sunnmøre ;Ørsta ;0 ; ;1 ;Bil ;4 ;Nysnøflak ;Tørre flakskred ;Nedføyket svakt lag med nysnø ;Tørre løssnøskred ;Tørre løssnøskred  ;Ubunden snø ;Vedvarende svakt lag ;Tørre flakskred ;Nedsnødd eller nedføyket overflaterim ;Bil kjørte rett inn i et snøskred. ;87488
2016-02-25 ;Voss ;Kvam ;0 ;Personer skadet ;2 ;Ski ;3 ;Vedvarende svakt lag ;Tørre flakskred ;Kantkornet snø over skarelag ;Fokksnø ;Tørre flakskred ;Nedføyket svakt lag med nysnø ; ; ; ;2 skiløpere, den ene tatt og totalt begravd, men med en hånd over snøoverflaten. Bruddskader i ben. ;83075
2016-02-20 ;Sogn ;Sogndal ;0 ;Nestenulykke ;3 ;Ski ;3 ;Vedvarende svakt lag ;Tørre flakskred ;Nedsnødd eller nedføyket overflaterim ;Nysnøflak ;Tørre flakskred ;Nedføyket svakt lag med nysnø ;Dypt vedvarende svakt lag ;Tørre flakskred ;Kantkornet snø over skarelag ;Tre skiløpere, der førstemann utløste skredet. Ingen ble tatt. ;82190
2016-02-20 ;Jotunheimen ;Vågå ;0 ;Nestenulykke ;2 ;Ski offpist ;2 ;Vedvarende svakt lag ;Tørre flakskred ;Nedsnødd eller nedføyket overflaterim ;Nysnøflak ;Tørre flakskred ;Nedføyket svakt lag med nysnø ; ; ; ;To skiløpere. Da de stoppet opp løste de ut et skred, en ble tatt med. Ingen skader. ;82293
2016-02-16 ;Tromsø ;Tromsø ;0 ;Nestenulykke ;2 ;Bil ;3 ;Nysnøflak ;Tørre flakskred ;Nedføyket svakt lag med nysnø ;Vedvarende svakt lag ;Tørre flakskred ;Kantkornet snø over skarelag ; ; ; ;Bil kjørte inn i skredet som allerede hadde gått. ;81512
2016-02-13 ;Lyngsalpan ;Lyngen ;0 ; ;3 ;Ski ;3 ;Fokksnø ;Tørre flakskred ;Dårlig binding mellom lag i fokksnøen ;Vedvarende svakt lag ;Tørre flakskred ;Kantkornet snø under skarelag ; ; ; ;Et turfølge på tre stk, en av de tatt av skredet. Gikk bra. ;81063, 81163
2016-02-13 ; ;Ringsaker ;0 ; ;1 ;Ski offpist ; ; ; ; ; ; ; ; ; ; ;En skiløper tatt av skred, kom seg ut på egen hånd. ;81126
2016-02-13 ; ;Ringebu ;0 ; ;2 ;Ski offpist ; ; ; ; ; ; ; ; ; ; ;Personer skadet (delvis tatt av snøskred?) i forbindelse med kontroll av skiområde ;81026
2016-02-11 ;Lofoten ;Vågan ;0 ;Nestenulykke ;1 ;Bil ;3 ;Nysnøflak ;Tørre flakskred ;Nedføyket svakt lag med nysnø ;Fokksnø ;Tørre flakskred ;Nedføyket svakt lag med nysnø ; ; ; ;Bil kjørte rett inn i et snøskred. ;79671
2016-02-07 ; ;Hammerfest ;0 ; ;3 ;Fots ; ; ; ; ; ; ; ; ; ; ;Tre barn tatt av skred mot lekeområde bak boligblokk, alle overlevde. ;79165
2016-01-31 ; ;Vågå ;0 ; ;2 ;Ski ; ; ; ; ; ; ; ; ; ; ;To skiløpere, en tatt og helt begravd. Funnet med SM og grav fram bevisstløs etter 15 min. ;78213
2016-01-30 ; ;Trysil ;0 ; ;2 ;Ski offpist ; ; ; ; ; ; ; ; ; ; ;Nestenulykke. 3 stk på skitur. 2 stk ble tatt av skredet, men ikke begravd. ;77851
2016-01-24 ;Balsfjord ;Balsfjord ;0 ;Påvirket ingenting ;3 ;Ski ;2 ;Fokksnø ;Tørre flakskred ;Dårlig binding mellom lag i fokksnøen ;Vedvarende svakt lag ;Tørre flakskred ;Kantkornet snø over skarelag ; ; ; ;Alle tre ble tatt av skredet, ingen ble totalt begravet og ingen ble skadet. ;76908
2016-01-17 ;Røldal ;Odda ;0 ;Personer skadet ;5 ;Ski ;2 ;Vedvarende svakt lag ;Tørre flakskred ;Nedsnødd eller nedføyket overflaterim ; ; ; ; ; ; ;5 stk på tur, tre skadet. Ingen fullstendig begravet. De skredtatte fikk alle moderate bruddskader. ;75827
2016-01-09 ;Kåfjord ;Nordreisa ;0 ;Nestenulykke ;2 ;Bil ;3 ;Nysnøflak ;Tørre flakskred ;Nedføyket svakt lag med nysnø ;Vedvarende svakt lag ;Tørre flakskred ;Kantkornet snø under skarelag ; ; ; ;To biler tatt. Ingen personskader ;73875, 73794
2016-01-03 ;Sogn ;Vang ;0 ;Påvirket ingenting ;1 ;Ski offpist ;2 ;Fokksnø ;Tørre flakskred ;Nedføyket svakt lag med nysnø ; ; ; ; ; ; ;Mann alene på ski nært anlegget, løste ut skred i fokksnø. Ingen skader. ;73236
2016-01-03 ;Røldal ;Odda ;0 ;Personer skadet ;2 ;Ski offpist ;2 ;Fokksnø ;Tørre flakskred ;Dårlig binding mellom lag i fokksnøen ; ; ; ; ; ; ;To stk på ski ned ei renne, en ble tatt og skadet kneet. ;72984
2015-12-19 ;Nordenskioldland ;Longyearbyen ;2 ; ;21 ;Hus ; ; ; ; ; ; ; ; ; ; ;Skred traff 10 hus fra 1976 under Sukkertoppen, 2 døde, 6 skadde. 21 mennesker var inni husene da skredet kom. Etter hendelsen ble 158 mennesker evakuert. ;71387
2015-11-15 ;Jotunheimen ;Vågå ;0 ; ;2 ;Ski ; ; ; ; ; ; ; ; ; ; ;Tre på tur opp, en utløste skredet. To tatt. en helt og en delvis begravd. Kameratreddet på 15 min. ;67257, 67320, 67407
2015-06-27 ;Trollheimen ;Sunndal ;0 ; ;3 ;Ski ; ; ; ; ; ; ; ; ; ; ;Tre på tur, en utløste skred. Ingen skade, men to hentet med helikopter. ;65478
2015-06-13 ;Sogn ;Luster ;0 ; ;1 ;Ski ; ; ; ; ; ; ; ; ; ; ;Skiløper utløste skred høyt i heng over fleire skiløparar lengre nede. Antall ukjent. ;65362
2015-05-31 ;Lofoten ;Moskenes ;2 ;Personer omkommet ;2 ;Fots ;1 ;Våt snø ;Våte løssnøskred  ;Regn / temperaturstigning / soloppvarming  ; ; ; ; ; ; ;Par tatt i skred. Begge døde. ;65479
2015-05-31 ;Rauland ;Tinn ;0 ;Ikke spesifisert ;10 ;Ski ;2 ;Våt snø ;Våte løssnøskred  ;Regn / temperaturstigning / soloppvarming  ;Fokksnø ;Tørre flakskred ;Dårlig binding mellom lag i fokksnøen ; ; ; ;Ti personer i området da skredet gikk, uskadd. ;65480
2015-05-30 ;Sunnmøre ;Sunnmøre ;0 ;Nestenulykke ;5 ;Ski ;2 ;Våt snø ;Våte løssnøskred  ;Regn / temperaturstigning / soloppvarming  ; ; ; ; ; ; ;Fem på tur, utløste et skred. En tatt, uskadd. ;64371
2015-05-29 ;Sogn ;Sogn ;0 ;Nestenulykke ;1 ;Ski ;2 ;Våt snø ;Våte løssnøskred  ;Regn / temperaturstigning / soloppvarming  ;Fokksnø ;Tørre flakskred ;Dårlig binding mellom lag i fokksnøen ; ; ; ;En tatt med i et skred, men kjørte ut av det uskadd. ;64313
2015-05-28 ;Nordfjord ;Sogn ;0 ; ;1 ;Snøbrett ; ; ; ; ; ; ; ; ; ; ;En brettkjøre utløyste to skred uten å havne i skredmassene, ;64249
2015-05-18 ; ;Ørstad ;0 ; ;1 ;Ski ; ; ; ; ; ; ; ; ; ; ;Detaljer og antall ukjent. ;
2015-05-18 ; ;Ørstad ;0 ; ;1 ;Ski ; ; ; ; ; ; ; ; ; ; ;Detaljer og antall ukjent. ;
2015-05-16 ; ;Lyngen ;0 ; ;1 ;Ski ; ; ; ; ; ; ; ; ; ; ;En skiløper utløste flakskred i fokksnø, uskadd. Antall ukjent. ;
2015-04-21 ;Jotunheimen ;Vågå ;1 ;Personer omkommet ;1 ;Ski ;2 ;Våt snø ;Våte løssnøskred  ;Regn / temperaturstigning / soloppvarming  ;Våt snø ;Våte flakskred ;Regn / temperaturstigning / soloppvarming  ; ; ; ;En skikjører utløste skavlbrudd til fots. Alene på tur. Døde fra langt fall. ;60656
2015-04-06 ; ;Bardu ;0 ; ;1 ;Ski ; ; ; ; ; ; ; ; ; ; ;En tatt av skred. Begravd, men funnet i live etter flere timer. Alene på tur. ;59008
2015-04-04 ; ;Volda ;0 ; ;1 ;Ski ; ; ; ; ; ; ; ; ; ; ;Detaljer og antall ukjent. ;
2015-04-04 ; ;Rauma ;0 ; ;5 ;Ski ; ; ; ; ; ; ; ; ; ; ;Fem på tur fjernutløst stort skred, ingen tatt. 13 hentet ned fra fjellet med helikopter. ;
2015-04-04 ;Romsdal ;Rauma ;0 ; ;1 ;Ski ;3 ;Vedvarende svakt lag ;Tørre flakskred ;Nedsnødd eller nedføyket overflaterim ; ; ; ; ; ; ;En skiløper utløste skred. Antall ukjent. ;58866
2015-04-03 ; ;Oppdal ;0 ; ;1 ;Ski ; ; ; ; ; ; ; ; ; ; ;Detaljer og antall ukjent. ;
2015-04-03 ;Sunnmøre ;Ørstad ;0 ;Ikke spesifisert ;1 ;Ski ;3 ;Nysnø ;Tørre flakskred ;Nedføyket svakt lag med nysnø ;Vedvarende svakt lag ;Tørre flakskred ;Nedsnødd eller nedføyket overflaterim ; ; ; ;Skred utløst, ingen skadet. Antall ukjent. ;58862
2015-04-03 ;Hemsedalfjella ;Lærdal ;0 ; ;1 ;Ski ; ; ; ; ; ; ; ; ; ; ;En utløste skred, men kom fra det uskadd. Antall ukjent. ;58739
2015-04-03 ;Tamokdalen ;Balsfjord ;0 ; ;2 ;Ski ;1 ;Fokksnø ;Tørre flakskred ;Dårlig binding mellom lag i fokksnøen ; ; ; ; ; ; ;To tatt i skred. Ført oppå snøen over 100m, men ingen skader/begravd. ;58726
2015-04-03 ; ;Sunndal ;0 ; ;1 ;Ski ; ; ; ; ; ; ; ; ; ; ;Detaljer og antall ukjent. ;
2015-04-02 ;Svartisen ;Beiarn ;0 ;Ikke spesifisert ;1 ;Ski ;2 ;Fokksnø ;Tørre flakskred ;Dårlig binding mellom lag i fokksnøen ; ; ; ; ; ; ;Detaljer og antall ukjent. ;58612
2015-03-26 ;Lofoten ;Vågan ;0 ;Nestenulykke ;2 ;Ski ;3 ;Nysnø ;Tørre flakskred ;Nedføyket svakt lag med nysnø ;Våt snø ;Våte løssnøskred  ;Regn / temperaturstigning / soloppvarming  ; ; ; ;To på vei opp tatt i skred, en på overflata og en devis begravd. Gravd frem av kamerat. ;57761, 57932, 57815
2015-03-24 ;Sunnmøre ;Ørstad ;0 ;Nestenulykke ;3 ;Ski ;2 ;Fokksnø ;Tørre flakskred ;Dårlig binding mellom lag i fokksnøen ; ; ; ; ; ; ;Tre på vei opp utløser skred, ingen tatt. ;57575
2015-03-22 ;Jotunheimen ;Luster ;0 ;Påvirket ingenting ;8 ;Ski ;2 ;Vedvarende svakt lag ;Tørre flakskred ;Nedsnødd eller nedføyket overflaterim ;Nysnø ;Tørre flakskred ;Nedføyket svakt lag med nysnø ; ; ; ;Åtte på tur fjernutløser skred på vei opp, ingen tatt. ;57536
2015-03-08 ; ;Eid ;0 ; ;2 ;Bil ; ; ; ; ; ; ; ; ; ; ;To biler fast i skredmassene. Snøskred/flomskred. Ukjent antall. ;
2015-03-02 ;Voss ;Masfjorden ;0 ;Nestenulykke ;11 ;Bil ;3 ;Fokksnø ;Tørre flakskred ;Dårlig binding mellom lag i fokksnøen ;Vedvarende svakt lag ;Tørre flakskred ;Nedsnødd eller nedføyket kantkornet snø ; ; ; ;Fire biler med 11 truffet av vått flakskred. Lettere skader. ;54013
2015-02-17 ;Lyngsalpan ;Lyngen ;1 ; ;2 ;Ski ;3 ;Fokksnø ;Tørre flakskred ;Dårlig binding mellom lag i fokksnøen ;Vedvarende svakt lag ;Tørre flakskred ;Nedsnødd eller nedføyket kantkornet snø ; ; ; ;To på vei ned, en utløste et flakskred. ble begravd og døde. ;53125
2015-02-17 ; ;Sogndal ;0 ; ;1 ;Ski ; ; ; ; ; ; ; ; ; ; ;Detaljer og antall ukjent. ;
2015-02-16 ; ;Tromsø ;0 ; ;1 ;Buss ; ; ; ; ; ; ; ; ; ; ;Bussjåfør delvis tatt av skred. ;
2015-02-15 ; ;Tromsø ;0 ; ;1 ;Ingen ; ; ; ; ; ; ; ; ; ; ;Detaljer og antall ukjent. ;
2015-02-14 ; ;Tana ;0 ; ;1 ;Snøskuter ; ; ; ; ; ; ; ; ; ; ;Detaljer og antall ukjent. ;
2015-02-13 ; ;Tromsø ;0 ; ;3 ;Bil ; ; ; ; ; ; ; ; ; ; ;To trailere delvis tatt og en personbil tatt av skred. Detaljer og antall ukjent. ;
2015-02-11 ; ;Voss ;0 ; ;1 ;Brøyting ; ; ; ; ; ; ; ; ; ; ;Hjullaster med fres i arbeid. Skredet gikk på stengt vei. ;
2015-02-10 ; ;Nordreisa ;1 ; ;1 ;Snøskuter ; ; ; ; ; ; ; ; ; ; ;En skuterkjører tatt, begravd og drept i flakskred fjernutløst av forulykkede. ;
2015-02-09 ; ;Oppdal ;0 ; ;1 ;Tråkkemaskin ; ; ; ; ; ; ; ; ; ; ;Detaljer og antall ukjent. ;
2015-02-08 ; ;Voss ;0 ; ;1 ;Brøyting ; ; ; ; ; ; ; ; ; ; ;Brøytebil tatt av skred ved Skjelingavatnet. ;
2015-02-08 ; ;Sogndal ;0 ; ;1 ;Ski ; ; ; ; ; ; ; ; ; ; ;Detaljer og antall ukjent. ;
2015-02-08 ; ;Stranda ;0 ; ;1 ;Ski offpist ; ; ; ; ; ; ; ; ; ; ;Detaljer og antall ukjent. ;
2015-02-08 ; ;Sogndal ;0 ; ;1 ;Ski offpist ; ; ; ; ; ; ; ; ; ; ;Detaljer og antall ukjent. ;
2015-02-07 ;Lyngsalpan ;Lyngen ;0 ;Nestenulykke ;11 ;Ski ;3 ;Nysnø ;Tørre flakskred ;Nedføyket svakt lag med nysnø ;Vedvarende svakt lag ;Tørre flakskred ;Nedsnødd eller nedføyket kantkornet snø ; ; ; ;11 på tur utløste skred på vei ned. ;50314
2015-02-02 ; ;Kvam ;0 ; ;1 ;Ski ; ; ; ; ; ; ; ; ; ; ;Detaljer og antall ukjent. ;
2015-02-01 ;Hemsedalfjella ;Hemsedal ;0 ; ;1 ;Ski ; ; ; ; ; ; ; ; ; ; ;Skiløper falt og løste ut skred. Uskadd. Detaljer og antall ukjent. ;48956, 48834
2015-01-31 ; ;Sogndal ;0 ; ;1 ;Ski ; ; ; ; ; ; ; ; ; ; ;Skiløper fjernutløste stort skred. Detaljer og antall ukjent. ;
2015-01-31 ;Alta ;Alta ;0 ;Påvirket ingenting ;2 ;Ski ;2 ;Vedvarende svakt lag ;Tørre flakskred ;Nedsnødd eller nedføyket kantkornet snø ;Fokksnø ;Tørre flakskred ;Dårlig binding mellom lag i fokksnøen ; ; ; ;To tatt i skred, uskadd. ;48734
2015-01-31 ;Jotunheimen ;Nord-Fron ;0 ;Påvirket ingenting ;1 ;Snøskuter ;3 ;Fokksnø ;Tørre flakskred ;Dårlig binding mellom lag i fokksnøen ;Vedvarende svakt lag ;Tørre flakskred ;Kantkornet snø over skarelag ; ; ; ;Skuter fjernutløste skred, men ble ikke tatt. ;48743
2015-01-29 ;Lyngsalpan ;Lyngen ;0 ;Påvirket ingenting ;2 ;Ski ;2 ;Vedvarende svakt lag ;Tørre flakskred ;Nedsnødd eller nedføyket kantkornet snø ;Fokksnø ;Tørre flakskred ;Dårlig binding mellom lag i fokksnøen ; ; ; ;To fjernutløste skred i testheng, ingen tatt ;48467
2015-01-28 ; ;Tyin ;0 ; ;1 ;Ski ; ; ; ; ; ; ; ; ; ; ;Detaljer og antall ukjent. ;
2015-01-28 ; ;Fauske ;0 ; ;1 ;Ski ; ; ; ; ; ; ; ; ; ; ;Detaljer og antall ukjent. ;48605
2015-01-27 ;Tromsø ;Tromsø ;0 ; ;2 ;Ski ;2 ;Nysnø ;Tørre flakskred ;Nedføyket svakt lag med nysnø ;Vedvarende svakt lag ;Tørre flakskred ;Nedsnødd eller nedføyket kantkornet snø ; ; ; ;To utløste skred i testheng, uskadd. ;48241
2015-01-24 ; ;Svalbard ;1 ; ;1 ;Snøskuter ; ; ; ; ; ; ; ; ; ; ;En skuterkjører tatt, begravd og drept i fjernutløst flakskred. ;
2015-01-20 ;Voss ;Samnanger ;0 ;Nestenulykke ;1 ;Ski offpist ;3 ;Fokksnø ;Tørre flakskred ;Dårlig binding mellom lag i fokksnøen ;Vedvarende svakt lag ;Tørre flakskred ;Nedsnødd eller nedføyket overflaterim ; ; ; ;En tatt, uskadd. ;49023
2015-01-14 ; ;Stranda ;0 ; ;1 ;Brøyting ; ; ; ; ; ; ; ; ; ; ;Brøytebil truffet av skred. ;
2015-01-13 ; ;Sogndal ;0 ; ;1 ;Brøyting ; ; ; ; ; ; ; ; ; ; ;Brøytebil nær truffet av skred. ;
2015-01-13 ;Vesterålen ;Vesterålen ;0 ;Påvirket ingenting ;1 ;Ski ;2 ;Nysnø ;Tørre flakskred ;Nedføyket svakt lag med nysnø ;Nysnø ;Tørre flakskred ;Dårlig binding mellom glatt skare og overliggende snø ; ; ; ;En utløste skred i testheng. Uskadd. ;46670
2015-01-10 ;Sogn ;Sogndal ;0 ;Påvirket ingenting ;1 ;Ski ;3 ;Nysnø ;Tørre flakskred ;Nedføyket svakt lag med nysnø ; ; ; ; ; ; ;Detaljer og antall ukjent. ;49805
2015-01-03 ;Lyngsalpan ;Lyngen ;0 ; ;1 ;Ski ;2 ;Nysnø ;Tørre flakskred ;Nedføyket svakt lag med nysnø ;Vedvarende svakt lag ;Tørre flakskred ;Nedsnødd eller nedføyket overflaterim ; ; ; ;En utløste skredet, uskadd. ;44648
2015-01-03 ;Jotunheimen ;Vågå ;0 ;Nestenulykke ;2 ;Ski offpist ;2 ;Fokksnø ;Tørre flakskred ;Dårlig binding mellom lag i fokksnøen ; ; ; ; ; ; ;To utløste skred nær alpinanlegg. En ført med skredet på overflaten. ;44673
2014-12-26 ; ;Tromsø ;0 ; ;1 ;Ski ; ; ; ; ; ; ; ; ; ; ; ;
