Dato;Døde;Involvert;Aktivitet;Utløst;Sted;Kommune;Fylke;regobs.no regID;varsom.no nyhet eller rapport;Beskrivelse
10.05.18;0;1;Ski;M;Storgalten;Lyngen;Troms;164270;;Skiløperutløst skred. Ingen tatt. Ingen skadet.
04.05.18;0;1;Ski;M;Breikågen;Skjervøy;Troms;163617;;Skiløperutløst lite skred. Ingen tatt. Ingen skadet.
03.05.18;0;1;Ski;M;Stehøe;Lom;Oppl.;163544;;Skiløperutløst skred. Ble ført med skredmassene 150 meter. Ikke begravd. Ikke skadet.
03.05.18;0;1;Ski;M;Bjørndalen;Lyngen;Troms;163491;;Skiløperutløst lite skred. Ingen tatt. Ingen skadet.
02.05.18;0;1;Ski;M;Bingtoppen;Svalbard;Sval.;163360;;Skiløperutløst lite skred. Ingen tatt. Ingen skadet.
01.05.18;0;1;Ski;M;Fugledalsbreen;Lyngen;Troms;163322;;Skiløperutløst lite skred. Ingen tatt. Ingen skadet.
01.05.18;0;1;Ski;M;Storsteinnestinden;Tromsø;Troms;163213;;Skiløperutløst lite skred. Ingen tatt. Ingen skadet
30.04.18;0;2;Ski;M;Sultinden;Lyngen;Troms;163089;;Skiløper utløst skred. Ingen tatt. Ingen skadet
30.04.18;0;3;Ski;M;Grønetinden;Ørsta;M&R;163106;;Skiløper utløste vått løssnøskred. Ingen tatt. Ingen skadet.
30.04.18;0;6;Ski;M;Steindalsnosi;Luster;S&F;163107;;Person i turfølge gikk ut på skavl som brakk. Alvorlig skadet og frektet til sykehus med helikopter
29.04.18;0;1;Ski;M;Nakkefjellet;Tromsø;Troms;162976;;Skiløperutløst skred. Ingen tatt. Ingen skadet.
29.04.18;0;1;Ski;M;Hamperokken;Tromsø;Troms;162982;;Skiløperutløst lite løssnøskred. Ingen tatt. Ingen skadet.
29.04.18;0;2;Ski;M;Storgalten;Lyngen;Troms;162965;;Skiløperutløst skred. Ingen tatt. Ingen skadet.
28.04.18;0;1;Ski;M;Søre Snarhornet;Ørsta;M&R;162871;;Skiløperutøst lite vått skred. Ingen tatt. Ingen skadet.
28.04.18;0;1;Ski;M;Tromsdalstinden;Tromsø;Troms;162884;;Skiløper utløste lite vått skred. Ingen tatt.Ingen skadet
27.04.18;0;1;Ski;M;Medlerskin;Kvinnherrad;Hord.;162757;;Skiløper utløste lite skred. Ingen tatt, ingen skadet
26.04.18;0;1;Ski;M;Bukkehøe;Lom;Oppl.;162648;;Skiløperutløst skred. Ingen tatt. Ingen skadet.
17.04.18;0;1;Ski;M;Leirløyfte;Lom;Oppl.;159797;;Skiløper utløste vått løssnøskred. Ingen tatt. Ingen skadet.
17.04.18;0;2;Ski;M;Goalsevarre ;Lyngen;Troms;159764;;Skiløpere utløste sløsjskred. Kjørte ut av skredet. Ingen skadet.
15.04.18;0;1;Ski;M;Saudehornet;Ørsta;M&R;159175;;Skiløperutløst skred. Ingen tatt?. Ingen skadet
15.04.18;0;1;Ski;M;Småtindan;Bodø;Nord.;159124;;Skiløper fjernutløste skred. Ingen tatt. Ingen skadet.
15.04.18;0;1;Ski;M;Sjufjellet;Balsfjord;Troms;159119;;Skiløperutløst skred. En tatt, men liggende oppå skredet. Ingen skadet.
14.04.18;0;1;Ski;M;Gjerdhøa;Oppdal;S-T;158906;;Skiløperutløst skred. Ingen tatt. Ingen skadet.
14.04.18;0;1;Ski;M;Øspetinden;Rauma;M&R;158872;;Skiløperutløst skred. Ingen tatt?. Ingen skadet.
14.04.18;0;1;Ski;M;Bukkevatnet;Lenvik;Troms;158829;;Skiløperutløst skred. Ingen tatt. Ingen skadet.
14.04.18;0;3;Snøbrett;M;Grøndalseggi;Luster;S&F;158880;;Snøbrettkjører utløste lite skred. Ingen tatt. Ingen skadet.
13.04.18;0;4;Ski;M;Tyinstølen;Vang;Oppl.;158690;;Skiløperutløst skred. Ingen tatt. Ingen skadet. 
12.04.18;0;1;Ski;M;Rusteggvatnet;Vang;Oppl.;158349;;Skiløper fjernutløste skred. Ingen tatt. Ingen skadet.
12.04.18;1;1;Ski;K;Russelvfjellet;Lyngen;Troms;162732;;Person falt gjennom skavl og utløste skred under. Omkom av skadene
10.04.18;0;1;Ski;M;Saudehornet;Ørsta;M&R;157909;;Skiløperutløst skred. En tatt. Ingen skadet.
09.04.18;0;5;Ski;M;Sandvikhaugen;Sunndal;M&R;157691;;Følge på fem utløste skred. En tatt og begravd. Gravd frem av turfølget. Fraktet til sykehus.
09.04.18;0;1;Ski;M;Revsdalshornet;Sykkylven;M&R;157723;;Skiløperutløst skred. Ingen tatt. Ingen skadet
08.04.18;0;1;Ski;M;Sandfjellet;Bodø;Nord.;157256;;Skiløper fjernutløste skred. Ingen tatt. Ingen skadet.
08.04.18;0;1;Ski offpist;M;Raudalen alpinsenter;Vang;Oppl.;157378;;Skiløperutløst skred. Ingen tatt. Ingen skadet.
07.04.18;0;2;Ski;M;Kavringtinden;Lyngen;Troms;157022;;Skikjørere fjernutløste skred. Ingen tatt. Ingen skadet.
07.04.18;0;1;Ski;M;Høgetua;Ørsta;M&R;157003;;Skiløper fjernutløste skred. Ingen tatt. Ingen skadet.
07.04.18;0;1;Snøbrett;M;Gjerdhøa;Oppdal;S-T;157053;;Brettkjører utløset skred over seg. Ble ført med og stoppet i tre. Kom seg ut ved egen hjelp uskadet.
06.04.18;0;2;Ski;M;Blånebba;Rauma;M&R;156863;;Skikjørere fjernutløste skred. Ingen tatt. Ingen skadet.
06.04.18;0;1;Ski;M;Vardeggi;Vik;Hord.;157049;;Skiløper fjernutløste skred. Ingen tatt. Ingen skadet.
06.04.18;0;8;Ski;M;Gaustatoppen;Tinn;Tele.;156805;;Gruppe utløste skred. En tatt og lettere skadet i arm.
06.04.18;0;3;Ski;M;Grøthornet;Ørsta;M&R;156829;;Skiløpere fjernutløste to skred. Ingen tatt. Ingen skadet.
06.04.18;0;1;Ski;M;Togga;Sogndal;S&F;156851;;Skiløperutløst skred. Ingen tatt.Ingen skadet.
06.04.18;0;1;Ski;M;Storakupa;Sogndal;S&F;156777;;Skiløper fjernutløste skred. Ingen tatt. Ingen skadet.
06.04.18;0;4;Ski;M;Fløtatinden;Nesset;M&R;156817;;Gruppe med skiløpere utløste skred. Ingen tatt. Ingen skadet.
06.04.18;0;1;Ski;M;Hevsdalen;Stranda;M&R;156802;;Skiløperutløst skred. Klarte å kjøre fra skredet. Ikke skadet.
06.04.18;0;1;Ski;M;Rundhøe;Lom;Oppl.;156854;;Skiløperutløst skred. En helt begravd. Klarte å gave seg selv ut. Ikke skadet.
06.04.18;0;1;Ski;M;Hamarskardet;Hemsedal;Busk.;156786;;Skiløperutløst skred. Ingen tatt. Ingen skadet.
06.04.18;0;1;Ski;M;Blådalen;Stranda;M&R;156843;;Persoutløst skred. Ingen tatt. Ingen skadet.
06.04.18;0;2;Ski;M;Kvandalsskardet;Ørsta;M&R;156858;;Skiløpere utløste skred. En tatt uten å bli begravet. Ingen skadet.
06.04.18;0;1;Ski;M;Roaldshornet;Stranda;M&R;156703;;Skred fjernutløst av skiløper. Ingen tatt. Ingen skadet.
06.04.18;0;1;Ski offpist;M;Kvitfjell;Ringeby;Oppl.;156728;;Skiløperutløst skred. Ingen tatt. Ingen skadet.
05.04.18;0;1;Ski;M;Blåtinden;Vestvågøy;Nord.;156564;;Skiløper utløste skred. Igjen tatt. Ingen skadet.
05.04.18;0;9;Ski;M;Svartfjellet;Nordreisa;Troms;156577;;Gruppe på 9 utløste mest sannsynlig skred. Ingen tatt? Ingene skadet.
04.04.18;0;12;Ski;M;Nevernesfjellet;Kvænangen ;Finn.;156289;;Grupp på 12 utløste skred. Alle tatt. En begravd. Ingen skadet.
03.04.18;0;3;Ski;M;Spanstinden;Gratangen;Troms;156008;;Skiløperutløst skred. Ingen tatt?. Ingen skadet?
03.04.18;0;1;Ski offpist;M;Fagernesfjellet;Narvik;Troms;155929;;Skiløperutløst skred. En tatt? Ingen skadet.
02.04.18;0;1;Ski;M;Ladalshalsen;Sortland;Nord.;155987;;Skiløper fjernutløser skred. Ingen tatt. Ingen skadet.
02.04.18;0;2;Ski;M;Eliasdalen;Tromsø;Troms;155653;;Fjernutløste skred av skiløpere. Ingen tatt. Ingen skadet.
01.04.18;1;2;Ski;M;Sydalsfjellet;Vågan;Nord.;155976;;Skiløperutløst skred. En tatt. En omkom.
01.04.18;0;1;Ski;M;Sjufjellet;Balsfjord;Troms;155413;;Skiløperutløst skred. Ingen tatt. Ingen skadet.
01.04.18;0;4;Ski;M;Kavringtinden;Lyngen;Troms;155421;;Gruppe fjernutløste skred. Ingen tatt. Ingen skadet
01.04.18;0;2;Ski;M;Andersdalen;Tromsø;Troms;155488;;Skiløpere fjernutløste skred. Ingen tatt. Ingen skadet.
01.04.18;0;2;Ski;M;Hamradalen;Sogndal;S&F;155543;;Skiløperutløst skred. Ingen tatt. Ingen skadet.
01.04.18;0;2;Ski;M;1010 topp (Gavtavarri);Kåfjord;Troms;155476;;Skred fjernutløst av skiløpere. Ingen tatt. Ingen skadet.
01.04.18;0;1;Ski;M;Sjufjellet;Balsfjord;Troms;155385;;Skiløper fjernutløste skred. Ingen tatt. Ingen skadet.
01.04.18;0;4;Ski;M;Rørnestinden;Lyngen;Troms;155425;;Gruppe skiløpere utløste skred. Ingen tatt? Ingen skadet.
01.04.18;0;1;Ski;M;Skihytta, Lyngseidet;Lyngen;Troms;155373;;Skiløper fjernutløste skred. Ingen tatt. Ingen skadet.
01.04.18;0;2;Ski;M;Kjempehaugen;Balsfjord;Troms;155335;;Skiløpere utløste skred. Mulig en ble tatt. Ingen skadet.
31.03.18;0;10;Ski;M;Valldalen;Norddal;M&R;155336;;Skredutløst av gruppe skiløpere. Ingen tatt. Ingen skadet.
31.03.18;0;1;Ski;M;Lilledalen;Kåfjord;Troms;155287;;Skred fjernutløst mest sannsynlig av skiløper. Ingen tatt. Ingen skadet.
31.03.18;0;3;Ski;M;Valldalen;Norddal;M&R;155267;;Skiløpere utløste flakskred. Ingen tatt?. Ingen skadet
31.03.18;0;1;Ski;M;Disken;Hadsel;Nord.;155273;;Skiløper fjernutløste skred. Ingen tatt. Ingen skadet.
31.03.18;0;1;Ski;M;Fagernesfjellet;Narvik;Nord.;155459;;Skiløper utløste skred. Ingen tatt. Ingen skadet.
31.03.18;0;6;Ski;M;Storskredhaugen;Balsfjord;Troms;155206;;Gruppe på ski utløste skred. 4 tatt og delvis begravet. En lettere skadet pga. sammenstøt med trær.
31.03.18;0;2;Ski;M;Østerdalen;Bardu;Troms;155243;;Skred fjernutløst av skiløpere. Ingen tatt. Ingen skadet.
31.03.18;0;6;Ski;M;Pilan;Vågan;Nord.;155188;;Skredutløst av gruppe skiløpere. Ingen tatt. Ingen skadet.
31.03.18;0;2;Ski;M;Keipen;Berg;Troms;155218;;Skred fjernutløst av skiløpere. Ingen tatt. Ingen skadet.
31.03.18;0;1;Snøskuter;M;Blåuran;Gratangen;Troms;155276;;Skred fjernutløst av snøskuter. Ingen tatt. Ingen skadet
30.03.18;0;6;Ski;M;Kvalvikdalen;Lyngen;Troms;155434;;Skred utløst av turfølge. En nesten tatt. Ingen skadet
30.03.18;0;1;Snøskuter;M;Holmvatn;Tana;Finn.;155244;;Snøscooterfører løste ut og ble tatt av skred. Fløyet til sykehus md lettere skader
29.03.18;0;1;Ski;M;Blåbærfjellet;Balsfjord;Troms;154493;;Skiløper fjernutløste skred. Ingen tatt. Ingen skadet.
29.03.18;0;2;Ski;M;Storforrdalen;Tjeldsund;Troms;154448;;Skiløpere fjernutløste skred. Ingen tatt. Ingen skadet.
29.03.18;1;1;Snøskuter;M;Kildalen;Nordreisa;Troms;154642;;Snøskooter utløste skred. En tatt og omkom.
28.03.18;0;1;Ski;K;Solligården;Tromsø;Troms;154235;;Skiløperutløst skred. En tatt, ikke begravet men skadet. Fraktet til sykehus
28.03.18;0;2;Ski;M;Giilavarri;Kåfjord;Troms;154152;;Skiløpere utløste skred. En tatt, men kom seg ut ved egen hjelp. Ingen skadet.
28.03.18;0;1;Ski;M;Blåfjellet;Skånland;Troms;154364;;Skiløper fjernutløste skred. Ingen tatt. Ingen skadet.
28.03.18;0;1;Ski offpist;M;Svandalen skisenter;Sauda;Roga.;154285;;Skiløperutløst skred. En ført med skredet. Kom seg ut ved egen hjelp. Ingen skadet.
27.03.18;0;2;Ski;M;Risenosa;Ørsta;M&R;153963;;Skiløperutløst skred. En tatt og delvis begravd. Kommer seg ut ved egen hjelp. Ingen skadet.
27.03.18;0;3;Ski;M;Storelvtinden;Alta;Finn.;153881;;Skiløpere fjernutløste lite skred. En ble så vidt truffet. Ingen skadet.
27.03.18;0;1;Ski;M;Vigdalstølen;Luster;S&F;153875;;Skiløper fjernutløste skred. Ingen tatt. Ingen skadet.
27.03.18;0;1;Ski;M;Stortinden;Sortland;Nord.;153830;;Skiløper fjernuløste flere skred. Ingen tatt. Ingen skadet.
26.03.18;0;3;Ski;M;Fingeren;Ørsta;M&R;153516;;Skiløperutløst skred. To tatt. Ingen skadet
26.03.18;0;1;Ski;M;Myrhyra;Luster;S&F;153539;;Lite skred fjernutløst? av skiløper. Ingen tatt. Ingen skadet.
26.03.18;0;1;Ski;M;Fingeren;Ørsta;M&R;153414;;Skiløperutløst skred. Ingen tatt. Ingen skadet.
26.03.18;0;1;Ski;M;Sørkjosen;Nordreisa;Troms;153510;;Skiløper fjernutløste flere små skred. Ingen tatt. Ingen skadet.
26.03.18;0;1;Ski;M;Rottenvik;Lyngen;Troms;153515;;Skiløper fjernutløste lite skred. Ingen tatt. Ingen skadet.
25.03.18;0;1;Ski;M;Djupvik;Nordreisa;Troms;153125;;Skiløper?utløst skred. Ingen skadet.
25.03.18;0;2;Ski;M;Steinhøe;Luster;S&F;153148;;Skiløpere fjernutløste lite skred. Ingen tatt. Ingen skadet.
25.03.18;0;2;Ski;M;Solskinnstoppen;Lom;Oppl.;153162;;Skiløperutløst skred. Ingen tatt. Ingen skadet.
25.03.18;0;2;Ski;M;Ulvot;Lom;Oppl.;153110;;Skiløperutløst skred. Ingen tatt. Ingen skadet.
24.03.18;0;8;Ski;M;Kvannkjostinden;Hadsel;Nord.;152926;;Skiløperutløst skred. Ingen tatt. Ingen skadet.
24.03.18;0;1;Ski;M;Hestdalstuva;Steigen;Nord.;152928;;Skiløper fjernutløste skred. Ingen tatt. Ingen skadet.
24.03.18;0;1;Ski;M;Fagerfjellet;Tromsø;Troms;152884;;Skiløperutløst lite skred. 
24.03.18;0;1;Ski;M;Svarteberg;Lærdal;S&F;152890;;Skiløperutløst lite skred. Ingen tatt. Ingen skadet.
23.03.18;0;1;Ski;M;Slettebotnen;Førde;S&F;152735;;Skiløperutløst skred. En tatt. Ingen skadet.
23.03.18;0;2;Ski;M;Langlitinden;Ibestad;Troms;152693;;Skiløperutløst skred. Ingen tatt. Ingen skadet.
23.03.18;0;1;Ski;M;Langlitinden;Ibestad;Troms;152586;;Skiløper fjernutløste skred. Ingen tatt. Ingen skadet.
22.03.18;0;1;Ski;M;Galten;Øksnes;Nord.;152460;;Skiløper fjernutløste skred. Ingen tatt. Ingen skadet.
22.03.18;0;1;Ski;M;Rundhøe;Lom;Oppl.;152416;;Skiløper fjernutløste skred. Ingen tatt. Ingen skadet.
21.03.18;0;1;Ski;M;Raften;Hadsel;Nord.;152145;;Skiløper fjernutløste skred. Ingen tatt. Ingen skadet.
20.03.18;0;2;Ski;M;Ranten;Sigdal;Busk.;152077;;Skiløperutløst skred. 
20.03.18;0;2;Ski;M;Melkefjellet;Balsfjord;Troms;152167;;Skiløperutløst skred. En tatt, men holdt seg på beina. Ingen skadet.
20.03.18;0;4;Ski;M;Gaustatoppen;Tinn;Tele.;152004;;Skiløperutløst skred. En tatt. Fløt oppå. Ingen skadet.
20.03.18;0;3;Ski;M;Gravdalen;Luster;S&F;151941;;Skiløper fjernutløste lite skred. Ingen tatt. Ingen skadet.
20.03.18;0;1;Ski;M;Steinberget;Rauma;M&R;151882;;Skiløper fjernutløste skred. Ingen tatt. Ingen skadet.
20.03.18;0;1;Ski;M;Fursetnakken;Stranda;M&R;151900;;Skiløperutlsøt skred. Ingen tatt. Ingen skadet.
20.03.18;0;1;Ski;M;Roggevaggi;Alta;Finn.;151907;;Skiløperutløst skred. Ingen tatt. Ingen skadet
20.03.18;0;2;Ski;M;Sjufjellet;Balsfjord;Troms;151813;;Fjernutløst skred. Ingen tatt. Ingen skadet
20.03.18;0;1;Ski;M;Røgjin;Hemsedal;Busk.;151889;;Skiløperutløst skred. Ingen tatt. Ingen skadet.
20.03.18;0;1;Ski;M;Gammelgårdsfjellet;Tromsø;Troms;151815;;Skiløper fjernutløste lite skred. Ingen tatt. Ingen skadet.
20.03.18;0;2;Ski;M;Skørnøse;Vang;Oppl.;151895;;Skiløperutløst skred. Ingen tatt. Ingen skadet.
20.03.18;0;1;Snøbrett;M;Prestauran;Oppdal;S-T;151852;;Snowboarder utløste skred. Ingen tatt. Ingen skadet.
20.03.18;0;1;Snøskuter;M;Sørskogen;Bardu;Troms;151933;;Snøscooter fjernutløste lite skred. Ingen tatt. Ingen skadet
19.03.18;0;0;Bil;N;Sel;Sel;Oppl.;151383;;Naturlig utløst skred over vei. Ingen biler tatt eller begravd
19.03.18;0;4;Ski;M;Kistrandfjellet;Fauske;Nord.;151721;;Skiløpere utløste skred. Fire tatt. Delvis begravd. Ingen skadet,
19.03.18;0;1;Ski;M;Vargfjellet;Ballangen;Nord.;151637;;Skiløper fjernutløste lite skred. Ingen tatt. Ingen skadet.
19.03.18;0;1;Ski;M;Andrefjellet;Tranøy;Troms;151587;;Skred fjernutløst av skiløpr. Ingen tatt. Ingen skadet,
19.03.18;0;1;Ski;M;Bjørnfjell;Narvik;Nord.;151559;;Fjernutløst lite skred. Ingen tatt. Ingen skadet.
19.03.18;0;3;Ski;M;Jomfrudalen;Vågan;Nord.;151592;;Fjernutløst skred. En ført med og delvis begravd, men kom seg ut ved egen hjelp. Ingen skadet.
19.03.18;0;1;Ski;M;Bureb;Tromsø;Troms;151536;;Skred fjernuløst av skiløper.Ingen tatt. Ingen skadet.
18.03.18;0;1;Ski;M;Bjøbergdalen;Hemsedal;Busk.;151272;;Lite skred fjernuløst av skiløper.Ingen tatt. Ingen skadet.
18.03.18;0;1;Ski;M;Skogshornrenna;Hemsedal;Busk.;151605;;Skiløperutløst skred. En person ført med. Skadeomfang ukjent.
18.03.18;0;1;Ski offpist;M;Hemsedal skisenter;Hemsedal;Busk.;151606;;Skiløperutløst skred. En tatt. En skadet og sendt i ambulanse.
17.03.18;0;2;Ski;M;Omvikdalen;Kvinnherrad;Hord.;151132;;Skred fjernutløst av gruppe. Ingen skadet.
17.03.18;0;1;Ski;M;Nedrereppi;Lyngen;Troms;151126;;Skred fjernutløst av fjellskiløper. Ingen tatt. Ingen begravet.
17.03.18;0;1;Ski;M;Melderskin;Kvinnherrad;Hord.;151121;;Skiløperutløst skred.En ført med. Ikke begravet. Ikke skadet.
17.03.18;0;1;Ski;M;Sandfjellet;Voss;Hord.;151110;;Skiløperutløst skred. Ingen tatt. Ingen skadet.
17.03.18;0;2;Ski;M;Heimre Fagerdalen;Vang;Oppl.;151175;;Skiløperutløst skred. Ingen tatt. Ingen skadet.
17.03.18;0;1;Ski;M;Nonsfjellet;Oppdal;S-T;151122;;Lite skred fjernuløst av skiløper.Ingen tatt. Ingen skadet.
16.03.18;0;1;Ski;M;Navarsete;Sogndal;S&F;150923;;Lite skred fjernuløst av skiløper.Ingen tatt. Ingen skadet.
16.03.18;0;1;Ski;M;Loftan;Vågan;Nord.;151015;;Skiløperutløst skred. En tatt og delvis begravd. Gravd frem av kamerater.
16.03.18;0;3;Ski;M;Kyrkja;Lom;Oppl.;150908;;Skiløperutløst skred. Ingen tatt. Ingen skadet.
16.03.18;0;1;Ski;M;Nonskiljenuten;Sauda;Roga.;151094;;Lite skred fjernuløst av skiløper.Ingen tatt. Ingen skadet.
16.03.18;0;2;Ski;M;Updalsstølen;Vang;Oppl.;150929;;Lite skred fjernuløst fra rygg av skiløper. Ingen tatt. Ingen skadet.
15.03.18;0;3;Ski;M;Finnheimfjellet;Tromsø;Troms;151042;;Skiløperutløst skred. En fraktet med. Ingen skadet.
14.03.18;0;1;Ski;M;Kolbeindalen;Vågan;Nord.;150554;;Skiløperutløst lite skred. Ingen tatt. Ingen skadet. Skredbanen krysser flere skispor.
13.03.18;0;1;Ski;M;Ruten;Hemne;S-T;150272;;Skiløper fjernutløste lite skred. Ingen tatt. Ingen skadet.
13.03.18;0;1;Ski;M;Grøtdalstinden;Ørsta;M&R;150266;;Skiløperutløst lite skred. Ingen tatt. Ingen skadet.
13.03.18;0;1;Ski;M;Storfellet;Tromsø;Troms;150188;;Skiløperutløst lite skred. Ingen tatt. Ingen skadet.
12.03.18;0;1;Ski;M;Fagernesfjellet;Narvik;Nord.;150021;;Skiløperutløst skred. Ingen tatt. Ingen skadet.
11.03.18;0;1;Ski;M;Talstadhesten;Fræna;M&R;149802;;Skiløperutløst lite skred. Ingen tatt. Ingen skadet.
10.03.18;0;1;Ski;M;Tverrbakktinden;Lyngen;Troms;149738;;Skiløperutløst lite skred. Ingen tatt. Ingen skadet.
10.03.18;0;1;Ski;M;Valdresflye;Vang;Oppl.;149665;;Skiløperutløst lite skred. Ingen tatt. Ingen skadet.
09.03.18;0;4;Ski;M;Rottenvikvatnet;Lyngen;Troms;149574;;Skiløperutløst lite skred. Ingen tatt. Ingen skadet.
07.03.18;0;2;Ski;M;Jomfrutindan;Vågan;Nord.;149387;;Skiløperutløst lite skred. Ingen tatt. Ingen skadet.
06.03.18;0;4;Ski;M;Grønahorgi;Voss;Hord.;149162;;Fire skiløpere utløste lite skred. Ingen tatt. Ingen skadet.
06.03.18;0;1;Ski;M;Sandnestinden;Fræna;M&R;149157;;Skiløpere fjernutløste lite skred. Ingen tatt. Ingen skadet.
04.03.18;0;9;Ski;M;Vannaksla;Karlsøy;Troms;149056;;Gruppe på 9 utløste skred og alle ble tatt. 1 skadet, 2 fraktet til UNN
04.03.18;0;3;Ski;M;Bollfjellet;Tjeldsund;Nord.;148850;;Skiløper i gruppe på 3 falt og fjernutløste skred Ble ført med 10 meter. Kom seg ut selv. Ikke skadet.
04.03.18;0;1;Ski;M;Hornaberg;Voss;Hord.;148925;;Fjellskiløper fjernutløste lite skred. Ingen tatt. Ingen skadet
03.03.18;0;1;Ski;M;Haukelifjell;Odda;Hord.;148683;;Skiløper utløste løssnøskred som igjen utløste flakskred. Ingen tatt. Ingen skadet.
03.03.18;0;1;Ski;M;Skitntinden;Tromsø;Troms;148662;;Skiløperutløst lite skred. Ingen tatt. Ingen skadet
03.03.18;0;1;Ski;M;Låvan;Kvænangen;Finn.;148685;;Skiløper fjernutløste skred på 200 meters avstand. Ingen tatt.
03.03.18;0;1;Ski;M;Trollvatnet;Karlsøy;Troms;148720;;Skiløper på isfisketur fjernutløste skred i lite heng. Ingen tatt. Ingen skadet.
02.03.18;0;3;Ski;M;Vetlebotn;Sogndal;S&F;148541;;Skiløperutløst lite skred. Ingen tatt. Ingen skadet.
02.03.18;0;1;Ski;M;Storhøi;Lom;Oppl.;148633;;Skiløperutløst skred. Ført med skredmassene 50 meter. Ikke begravd. Kom seg ut ved egen hjelp. Ikke skadet.
02.03.18;0;1;Ski;M;Nipa;Jølster;S&F;148555;;Skiløperutløst lite skred. Ingen tatt. Ingen skadet.
02.03.18;0;1;Ski;M;Storebotnen;Førde;S&F;148504;;Skiløperutløst lite skred. Ingen tatt. Ingen skadet.
01.03.18;0;3;Ski;M;Langfjordbotn;Alta;Finn.;148543;;Skoleklasse på tur utløste skred. 3 tatt. En skadet og fløyet til sykehus
01.03.18;0;2;Ski;M;Sjufjellet;Balsfjord;Troms;148338;;Gruppe utløste skred. Ingen tatt. Ingen skadet
01.03.18;0;1;Ski;M;Hans Meyer fjellet;Vågan;Nord.;148650;;Skiløperutløst lite skred. Ingen tatt. Ingen skadet.
01.03.18;0;3;Snøskuter;M;Stora Dygråtjødn;Sirdal;V-A;148587;;Snøøscooterfølge på 3 fjernutløste skred. Ingen tatt. Ingen skadet.
28.02.18;0;0;Bil;N;Tusenvikskardet;Sør-Varanger;Finn.;148152;;Skred over vei.  Bil kjøret inn i skredet. Ingen skadet
28.02.18;0;2;Ski;M;Vidden;Bergen;Hord.;148177;;Skiløper løste ut skred og ble ført med et stykke nedover. Kom seg ut for egen hjelp. Ikke skadet.
28.02.18;0;1;Ski;M;Storebottseggi;Voss;Hord.;148167;;Skiløperutløste lite skred. Ble tatt, men ikke skadet.
28.02.18;0;2;Ski;M;Haukelifjell;Vinje;Tele.;148176;;Skiløper fjernutløste lite skred. Ikke tatt.Ingen skadet.
28.02.18;0;6;Ski;M;Nonstinden, Kvaløya;Rauma;M&R;148130;;Seks skiløpere utløste og fem tatt av skred. Alle kom seg uskadet ut av skredet. Sjekket av helsepersonell, men ok.
27.02.18;0;1;Ski;M;Bondalseidet;Ørsta;M&R;147937;;Skiløper utløste lite skred. Ingen tatt, ingen skadet
27.02.18;0;1;Ski;M;Synnevaskjer;Sogndal;S&F;147965;;Skiløper fjernutløste lite skred. Ikke tatt.
27.02.18;0;1;Ski;M;Flæfjellet;Samnanger;Hord.;147955;;Skiløper utløste flere småskred. Ble ført ned et stykke, men kom seg ut ved egen hjelp. Ikke skadet
26.02.18;0;2;Ski;M;Loftskardtinden;Rauma;M&R;147773;;Skiløperutløst skred. Klarte å kjøre ut av skredet. Ingen skadet.
24.02.18;0;2;Ski;M;Heggmoen;Hemnes;Nord.;147522;;To skiløpere fjernutløste skred. Ingen tatt. Skredet nådde akkurat ned stil skiløperne. Ingen skadet.
24.02.18;0;2;Ski;M;Budalstinden;Vågan;Nord.;147530;;To skiløpere fjernutløste skred. Ingen tatt. Ingen skadet.
23.02.18;0;3;Snøskuter;M;Kapp Schoultz bakken;Svalbard;Sval.;147415;;Stort flakskred fjernutløst av snøscooterfølge. Ingen tatt. Ingen skadet.
21.02.18;0;1;Ski;M;Ulriken;Bergen;Hord.;147628;;Skred utløst av skiløper som klarte å kjøre ut av skredet uten å bli tatt.
21.02.18;0;1;Ski offpist;M;Hemsedal skisenter;Hemsedal;Busk.;147009;;Skred utløst i alpinanlegg. Mange skispor i nærheten. Men ingen nærmere observasjon om hendelsen.
15.02.18;0;1;Ski;M;Fjellbergskaret;Suldal;Roga.;145723;;Skiløperutløst skred nær hyttebebyggelse. Begravd 20 cm.under snøen, men gravde seg selv ut. 
13.02.18;0;1;Ski;M;Myklebust fjellet;Flora;S&F;145448;;Skiløperutløst skred. Usikkert hvor mange som var involvert.
13.02.18;0;2;Ski;M;Livarden;Bergen;Hord.;145440;;Fjernutløst skred. En ført med og delvis begravd, men kom seg ut ved egen hjelp.
13.02.18;0;4;Ski offpist;M;Hemsedal skisenter;Hemsedal;Busk.;145385;;Skiløperutløst skred. Ingen tatt. Ingen skadet.
11.02.18;0;3;Ski;M;Hunnedalen;Gjesdal;Roga.;145590;;Utløst av folk på skitur på vei til hytte. 3 tatt. En begravd, en delvis begravd. Gravd frem av folk i turfølget. Til sykehus, men det gikk bra
10.02.18;0;1;Ski;M;Slåtto;Hol;Busk.;145004;;Lite løssnøskred utløst. Ingen tatt.
10.02.18;0;1;Ski offpist;M;Skianlegg Svandalen;Sauda;Roga.;145090;;Skiløperutløst skred i skianlegg. Vanskelig å si hvor mange involverte.
03.02.18;0;1;Ski;M;Skarelvfjellet;Lenvik;Troms;144094;;Lite fjernuløst skred. Ingen tatt.
03.02.18;0;2;Ski;M;Tverrfjellet;Forsand;Roga.;144203;;Skiløperutløst skred. Ingen tatt. Ingen skadet.
03.02.18;0;1;Ski offpist;M;Trysilfjellet;Trysil;Hedm.;144003;;Skiløperutløst skred?
02.02.18;0;1;Ski;M;Krossen;Vinje;Tele.;143846;;Skiløperutløst lite skred. Ingen tatt. Ingen skadet.
02.02.18;0;4;Ski;M;Tråna;Sogndal;S&F;143824;;Skikjørerutløst lite skred. Ingen tatt. Ingen skadet.
02.02.18;0;1;Ski;M;Hemsedal;Hemsedal;Busk.;143788;;Skiløperutløst lite skred. Ingen tatt. Ingen skadet.
31.01.18;0;1;Ski;M;Høganibba;Luster;S&F;143456;;Skiløperutløst lite skred. Ingen tatt. Ingen skadet.
31.01.18;0;2;Ski;M;Gjuratinden;Rauma;M&R;143488;;Skiløperutløst skred. En tatt og skadet. Fraktet til sykehus
27.01.18;0;1;Ski;M;Sjøholt;Ørskog;M&R;142723;;Skikjørerutløst lite skred. Ingen tatt. Ingen skadet.
27.01.18;0;3;Ski;M;Trollheimen;Oppdal;S-T;142677;;Skikjørerutløst lite skred. Ingen tatt. Ingen skadet.
26.01.18;0;2;Ski;M;Rødtinden;Tromsø;Troms;142523;;Skikjørerutløst lite skred. Ingen tatt. Ingen skadet.
26.01.18;0;2;Ski offpist;M;Strandafjellet alpinanlegg;Stranda;M&R;142924;;Skikjørere utløste lite skred. Ingen tatt. Ingen skadet.
25.01.18;0;2;Ski;M;Lifjell;Bø;Tele.;142326;;Skiløpere fjernutløste lite skred. Ingen tatt. Ingen skadet.
25.01.18;0;2;Snøskuter;M;Torsetlia;Nore og Uvdal;Busk.;142850;;Skred fjernuløst av snøscootere. Ingen tatt. Ingen skadet.
24.01.18;0;3;Ski;M;Heimerdalen;Ibestad;Troms;152793;;Skiløperutløst skred. Ingen tatt. Ingen skadet.
24.01.18;0;1;Ski;M;Longyearbyen;Svalbard;Sval.;142112;;Skiløperutløst skred. Ingen tatt. Ingen skadet.
21.01.18;0;1;Ski;M;Børrenøse;Vang;Oppl.;141585;;Skiløperutløst lite skred. Ingen skadet.
20.01.18;0;1;Ski;M;Flæfjellet;Samnanger;Hord.;141638;;Skiløperutløst skred. En tatt. Ingen skadet.
17.01.18;0;2;Ski;M;Vatnasete;Sogndal;S&F;141126;;Skiløperutløst lite skred. Ingen skadet.
10.01.18;0;1;Ski;M;Kvamshalsen;Sogndal;S&F;139975;;Skiløperutløst lite skred. Ingen skadet.
08.01.18;0;1;Ski;M;Sollifjellet;Harstad;Nord.;139630;;Skiløperutløst skred. Ingen skadet.
07.01.18;0;1;Ski;M;Løkjestølane;Hemsedal;Busk.;139141;;Skiløper utløst lite skred. Ført med få meter. Ingen skadet.
07.01.18;0;4;Ski;M;Golsfjellet;Gol;Busk.;139165;;Skiløperutløst skred. En ble sittende fast. Kom seg ut ved venners hjelp. Ingen skadet
06.01.18;0;2;Ski;M;Limstrandtinden;Vestvågøy;Nord.;138942;;Skiløpere utløste skred. Ingen tatt. Ingen skadet.
06.01.18;0;2;Ski;M;Tjorbufjell;Seljord;Tele.;138955;;Skiløpere fjernutløste lite skred. Ingen tatt. Ingen skadet.
06.01.18;0;2;Ski;M;Skogshorn;Hemsedal;Busk.;138890;;Skiløperutløst skred.
06.01.18;0;1;Ski;M;Lågfjellet;Harstad;Nord.;138930;;Skiløperutløst lite skred. Ingen tatt. Ingen skadet.
06.01.18;0;1;Ski;M;Blåøret;Oppdal;S-T;138947;;Skiløperutløst lite skred. Ingen tatt. Ingen skadet.
06.01.18;0;3;Ski;M;Svarthetta;Hemsedal;Busk.;138974;;Skiløperutløst skred. Ingen tatt. Ingen skadet.
06.01.18;0;2;Ski offpist;M;Trollhøi;Vågå;Oppl.;138969;;Skiløper utløst skred. En tatt og skadet. Fraktet ut av Luftambulansen.
05.01.18;0;1;Ski;M;Bjørnstegfjellet;Luster;S&F;138790;;Skiløper fjernuløste lite skred. Ingen tatt. Ingen skadet.
05.01.18;0;2;Ski;M;Fagernesfjellet;Narvik;Nord.;138792;;Skiløpere utløst skred. Ingen skadet.
31.12.17;0;1;Ski;M;Skjervan;Rauma;M&R;138096;;Skiløperutløst skred. En tatt. Ingen skadet.
31.12.17;0;2;Ski;M;Utskarpen;Rana;Nord.;138029;;Skiløperutløst skred. Ingen skadd.
30.12.17;0;1;Ski;M;Geithedlar;Sirdal;V-A;137868;;Lite flakskred fjernutløst av skijører. Ingen tatt. 
30.12.17;0;1;Ski;M;Grøvfjellet;Vefsn;Nord.;137857;;Skiløperutkøst lite skred. En ble stående fast med beina i snøen, men kom seg løs ved egen hjelp.
30.12.17;0;2;Ski;M;Steinskardtinden;Tromsø;Troms;137874;;Skiløperutløst skred. Klarte å kjøre ut av skredet. Ingen skadet
26.12.17;0;3;Ski offpist;M;Rauma skisenter;Rauma;M&R;137237;;Skiløperutløst skred nært skitrekk. Ingen tatt.
24.12.17;0;1;Ski;M;Blåtinden;Vågan;Nord.;136998;;Skiløper utløste lite skred i renne. Ingen skadet
18.12.17;0;1;Ski;M;Sonlifjellet;Meråker;N-T;135966;;Skiløper utløste skred og ble tatt. Kom seg ut ved egen hjelp og var uskadd.
17.12.17;0;2;Ski;M;Mannfjellet;Meråker;N-T;135841;;Skiløpere utløste skred og ble ført med 5 meter. Ingen skadd.
17.12.17;0;3;Ski;M;Auskjeret;Sykkylven;M&R;135886;http://www.smp.no/nyheter/2017/12/17/Sykkylven-Sn%C3%B8skred-p%C3%A5-Auskjeret-15766825.ece?cx_front_click=baseline_test&cx_front_click_place=3&cx_front_click_articles=4;Skiløpere utløste skred. Ingen tatt. Ingen skadet.
13.12.17;0;1;Snøskuter;M;Sultinden;Lenvik;Troms;135862;;Snøscooterutløst lite skred. Ingen skadet eller begravet
10.12.17;0;2;Bil;N;Dølsteinfonna;Rauma;M&R;134794;;Naturlig utløst skred. Bobil truffet.Skredvoll tok mesteparten av støyten. Ingen skadet.
08.12.17;0;2;Ski;M;Fagerfjellet;Tromsø;Troms;134651;;Skiløpere utløste skred. To tatt. Ingen begravd. Ingen skadet
27.05.17;0;1;Ski;M;Alnestinden;Rauma;M&R;132874;http://www.andalsnes-avis.no/nyheter/2017/05/27/Skil%C3%B8per-utl%C3%B8ste-ras-fra-Alnestind-14788838.ece;Skiløper utløste skred. Ingen skadet.
15.05.17;0;2;Ski;M;Hinnstein;Harstad;Troms;127662;;Skiløpere utløste våtsnøskred. Ble tatt med et stykke nedover, men ikke skadet.
14.05.17;0;1;Ski;M;Helgelandsbukken;Meløy;Nord.;127591;;Skiløper utløste to små skred. Ingen tatt. Ingen skadet.
14.05.17;0;1;Ski;M;Breidtinden;Vågan;Nord.;127583;;Skikjører utløste lite vått skred. Ingen tatt. Ingen skadet
14.05.17;0;2;Ski;M;Gullesfjorden;Kvæfjord;Nord.;127584;;Lite vått flakskred utløst av 2 skijørere. Ingen tatt. Ingen skadet
13.05.17;0;1;Ski;M;Blåtinden;Ørsta;M&R;132876;;Skikjører løste ut og ble tatt av våtskred. Kom seg ut ved egen hjelp. Ingen skadet. Info fra  FB gruppe Toppturer i Nordvest
07.05.17;0;4;Ski;M;Storsteinnestindan;Tromsø;Troms;126965;;Gruppe på tur utløste lite skred. Ingen tatt. Ingen skadet.
05.05.17;0;1;Ski;M;Altbreen;Longyearbyen;Sval.;127008;;Skiløper utløste skred. Ingen tatt. Ingen skadet.
02.05.17;0;2;Ski;M;Raudvassfjellet;Hattfjelldal;Nord.;126381;;To skikjørere fjernutløste skred.Ingen tatt. Ingen skadet.
01.05.17;0;1;Snøbrett;M;Ottofjellet;Longyearbyen;Sval.;126385;;Snowboarder fjernutløste lite skred. Ingen tatt. Ingen skadet.
30.04.17;0;2;Ski;M;Skålatårnet;Stryn;S&F;126153;;Skiløperutløst skred. Ingen tatt. Ingen skadet.
30.04.17;0;2;Ski;M;Holebudalen;Odda;Hord.;126212;;Skiløper utløst skred. Kingen tatt. Ingen skadet
29.04.17;0;1;Ski;M;Børvasstindan;Bodø;Nord.;126080;;Skikjører utløsteskred. Ingen tatt. Ingen skadet.
29.04.17;0;6;Ski;M;Tunga;Sunndal;M&R;126073;;Gruppe på seks utløste skred og ble tatt av skred. En skadet og hentet med helikopter.
29.04.17;0;3;Ski;M;Rundhøe;Lom;Oppl.;126142;;Gruppe med tre utløste skred. Ingen tatt. Ingen skadet.
29.04.17;0;1;Ski;M;Hellstugubreen;Lom;Oppl.;126133;;Skiløper utløst skred. Ingen tatt. Ingen skadet
28.04.17;0;3;Ski;M;Solbjørgnipa;Voss;Hord.;125987;;Gruppe på tre utløste skred. To tatt. Kom seg ut ved egen hjelp. Ingen skadet.
23.04.17;0;2;Ski;M;Bjørnråfjellet;Sortland;Nord.;125292;;Gruppe på to utløste skred. 
23.04.17;0;4;Ski;M;Stortinden;Sortland;Nord.;125287;;Gruppe på fire fjernutløste skred. Ingen tatt. Ingen sakdet.
23.04.17;0;2;Ski;M;Heggmotinden;Bodø;Nord.;125290;;Skikjørere utløste skred. Ingen tatt. Ingen skadet.
22.04.17;0;1;Ski;M;Storsteinnestindan;Tromsø;Troms;125161;;Skikjører utløste skred. Sto igjen ved bruddkant.
22.04.17;0;1;Ski;M;Haukelifjell;Odda;Hord.;125166;;Skikjører fjernutløste skred. Ingen tatt. Ingen skadet
22.04.17;0;8;Ski;M;Kistrandfjellet;Bodø;Nord.;125104;;Gruppe med skikjørere fjernutløste skred. Ingen tatt. Ingen skadet
21.04.17;0;1;Ski;M;Hans Meyer fjellet;Vågan;Nord.;125035;;Skiløper fjernutløste skred. Ingen tatt. Ingen skadet.
21.04.17;0;6;Ski;M;Torskmannen;Vågan;Nord.;125042;;Gruppe fjernutløste skred fra rygg. Ingen tatt. Ingen skadet
21.04.17;0;1;Ski;M;Lyngseidet;Lyngen;Troms;125054;;Skikjører tatt av skred og ført nedover enne. Kom seg ut ved egen hjelp. Ingen skadet.
21.04.17;0;6;Ski;M;Valnesfjorden;Fauske;Nord.;125009;;Gruppe med skikjørere fjernutløste skred. Ingen tatt. Ingen skadet
21.04.17;0;1;Ski;M;Brubrekka;Hadsel;Nord.;125022;;Skiløper fjernutløste skred. Ingen tatt. Ingen skadet.
21.04.17;0;3;Ski;M;Surtningsbreen;Luster;S&F;125036;;3 skiløpere utløste skred. 1 tatt og delvis begravd. Var synlig og kom seg ut uten skader.
21.04.17;0;1;Ski;M;Sørkjosen;Nordreisa;Troms;124981;;Skiløperutløst skred i konveks formasjon. Ingen tatt. Ingen skadet.
17.04.17;0;1;Ski;M;Rambjørgebotn;Jølster;S&F;124579;;Skiløperutløst skred. Ingen tatt. Ingen skadet.
16.04.17;0;6;Ski;M;Ljosura;Eid;S&F;124395;;Skiløpere utløste to små skred. Ingen tatt.Ingen skadet
15.04.17;0;1;Ski;M;Borgarebu;Voss;Hord.;124287;;Skiløperutløst lite skred. Ingen tatt. Ingen skadet.
15.04.17;0;1;Ski;M;Svartisen;Rødøy;Nord.;124300;;Fjellskiutløperutløst skred. Ingen tatt. Ingen skadet.
15.04.17;0;1;Ski;M;Hemsedal;Hemsedal;Busk.;124301;;Skiløperutløst lite skred. Ingen tatt. Ingen skadet.
14.04.17;0;1;Ski;M;Stavsnuten;Odda;Hord.;124293;;Skiløperutløst skred. En tatt. Ingen skadet.
14.04.17;0;1;Ski;M;Storhaugen;Oppdal;S-T;124177;;Skiløper utløste skred på konveks formasjon. Ingen tatt. Ingen skadet.
14.04.17;0;2;Ski;M;Kattfjordeidet;Tromsø;Troms;124208;;Skiløper utløst skred. Kom seg ut ved egen hjelp. Ingen skadet
13.04.17;0;1;Ski;M;Andørja;Ibestad;Troms;124051;;Skred utløst av skikjører. Fikk kjørt ut av skredet. Ingen skadet.
13.04.17;0;1;Ski;M;Kvaløya;Tromsø;Troms;124087;;Skiløperutløst skred. Ingen tatt, ingen skadet.
13.04.17;0;2;Snøbrett;M;Store Jægervasstinden;Lyngen;Troms;124086;;To splitboardere utløste skred. Ble ført med nedover. Kom seg ut ved egen hjelp. Ingen skadet.
12.04.17;0;3;Ski;M;Geitgaljen;Hadsel;Nord.;123932;;Turfølge utløste skred. En ble ført med skredet, men kom seg ut ved egen hjelp. Ingen skadet
12.04.17;0;5;Snøbrett;M;Store Hesten;Berg;Troms;158458;;Skred utløst av snøbrettkjører. Ingen tatt. Ingen skadet.
11.04.17;0;2;Ski;M;Kolåstinden;Ørsta;M&R;123925, 123860;http://www.smp.no/nyheter/2017/04/11/To-personar-tatt-av-sn%C3%B8skred-ved-Kol%C3%A5stinden-14586386.ece;Turfølge utløste skred. Kom seg ut ved egen hjelp. Ingen skadet
09.04.17;1;2;Ski;K;Litlskjorta;Nesset;M&R;132878;http://www.adressa.no/nyheter/moreromsdal/2017/04/10/Navnet-p%C3%A5-omkommet-kvinne-frigitt-14578895.ece;Toppskavl brakk. En person falt flere hundre meter og omkom
09.04.17;0;6;Snøskuter;M;Bjørndalen;Lyngen;Troms;123440;;Snøscooterutløst lite skred. Ingen skadet
08.04.17;0;1;Ski;M;Storsteinnestinden;Tromsø;Troms;123418;;Skiløperutløst skred. Ingen tatt, ingen skadet.
06.04.17;0;1;Snøbrett;M;Bjørndalen;Lyngen;Troms;123030;;Skred løst ut av snøbrettkjører på toppen av heng. Ingen tatt, ingen skadet
02.04.17;0;1;Ski;M;Tverrelvaksla;Tromsø;Troms;122391;;Skiløper utløste lite skred. Ingen tatt, ingen skadet
01.04.17;0;1;Ski;M;Storhaugen;Kåfjord;Troms;122326;;Skiløperutløst skred. Ingen tatt, ingen skadet.
01.04.17;0;1;Ski;M;Leirvassbu;Lom;Oppl.;122242;;Skiløperutløst skred. Ingen tatt, ingen skadet.
28.03.17;0;6;Ski;M;Nedretinden, Furuflaten;Lyngen;Troms;121918;http://www.framtidinord.no/nyheter/2017/03/28/Skiturister-utl%C3%B8ste-skred-i-Lyngen-14517573.ece;Turfølge på seks utløste skred. Ingen tatt.
23.03.17;0;2;Ski;M;Gaustadtoppen;Tinn;Tele.;120704;;Skred utløst av to skiløpere. En tatt men kom seg ut ved egen hjelp. Ingen skadet
20.03.17;0;5;Ski;M;Lyngseidet;Lyngen;Troms;120218;;Turfølge på 5-6 utløste skred på overside ned mot elvedal. Ingen tatt
19.03.17;0;1;Ski;M;Bleia;Lærdal;S&F;120008;;Skiløper løste ut skred. Begravd til hofte. Uskadet.
18.03.17;0;1;Ski;M;Hemsedal;Hemsedal;Busk.;119871;;Utløst av skikjører. Skispor inn og ut av skredet. Ingen skadet
16.03.17;1;4;Ski;M;Lyngseidet;Lyngen;Troms;119839;https://www.nordlys.no/mann-omkom-etter-snoskredet-i-lyngen/s/5-34-593049;Turfølge på 4 løste ut skred. 2 tatt. En funnet raskt og overlevde.  En etter 2 timer. Døde dagen etter.
15.03.17;0;6;Ski;M;Haugastøl;Hol;Busk.;132877;http://www.bt.no/nyheter/innenriks/Tysk-kvinne-funnet-i-live-etter-skred-ved-Haugastol-331881b.html;Turfølge på 6 utløste skred. En ble tatt og begravd. Gravd frem etter nærmere 4 timer . I live.
14.03.17;0;1;Ski;M;Rørgata, Rottenvikvatnet;Lyngen;Troms;119225;;Skred utløst av gruppe på tur. En begravd til brystet. Ingen skadet. Kom ut ved egen hjelp
12.03.17;0;5;Ski;M;Blåtinden;Balsfjord;Troms;118826;;Gruppe utløste skred. Kom seg akkurat unna slik at ingen ble tatt
12.03.17;0;3;Ski;M;Nonstinden, Kvaløya;Tromsø;Troms;132879;https://www.nrk.no/troms/moderate-skader-for-mann-i-30-arene-etter-skred-1.13422066;Skikjørere utløste skred i bratt renne. Kom seg ut for egen hjelp. En skadet og ble sendt til sykehus
10.03.17;0;1;Ski;M;Hallingdal;Hemsedal;Busk.;118540;;
10.03.17;0;1;Ski;M;Laupstad;Vågan;Nord.;118530;;Skiløperutløst lite skred. Ingen tatt. Ingen skadet.
10.03.17;0;1;Ski;M;Gaustadtoppen;Tinn;Tele.;118488;;Skiløperutløst skred i renne. Ingen skadet.
07.03.17;0;1;Snøskuter;M;Fastdalstinden;Lyngen;Troms;117996;;Snøscooterutløst lite skred. Ingen skadet
05.03.17;0;1;Ski;M;Stølsheimen;Modalen;Hord.;117721;;Skiløperutløst skred. Ingen tatt, ingen skadet.
02.03.17;0;1;Ski;M;Buren;Tromsø;Troms;117867;;Skiløper utløste lite skred. Uvisst om han ble tatt. Ingen ble skadet
27.02.17;0;1;Ski offpist;M;Djevelberget;Tromsø;Troms;116857;;Skikjører løste ut skred og seilte med 20 meter. Ble ikke skadet og kom seg ut ved egen hjlep
24.02.17;0;1;Snøbrett;M;Sjufjellet;Balsfjord;Troms;116366;;Brettkjører utløset skred over seg. Ble ført 20 meter. Kom seg ut ved egen hjelp uskadet.
23.02.17;0;1;Ski;M;Togga;Sogndal;S&F;116124;;Skiløper utløst skred. Kom seg ut ved egen hjelp. Ingen skadet
23.02.17;0;1;Ski offpist;M;Frudalshesten;Sogndal;S&F;117458;;Skiløperutløst skred. En person skadet
22.02.17;0;1;Ski offpist;M;Djevelberget;Tromsø;Troms;116033;;Skiløperutløst skred. Muligens to. Ingen skadet
21.02.17;0;1;Ski;M;Nuvsvåg;Loppa;Finn.;116060;;Skiløperutløst skred. Ingen skadet
19.01.17;0;1;Ski;M;Rørgata, Rottenvik;Lyngen;Troms;111315;;En skikjører utløste lite skred i testheng. Ingen skadet
16.01.17;0;2;Ski;M;Blåtinden;Vågan;Nord.;110793;;To skikjørere utløste skred. Ingen tatt.
15.01.17;0;1;Ski;M;Nordre Nattmålstuva;Fauske;Nord.;110590;;En person utløste lite skred. Ingen tatt.
14.01.17;0;4;Ski;M;Lemonsjøen;Vågå;Oppl.;110450;;Turfølge på tre utløste skred. En tatt. Ingen skadet. En utløste et skred. Ingen tatt
07.01.17;0;2;Ski;M;Skarvassbu;Tromsø;Troms;109292;;Turfølge på to løste ut skred. En ble med skredet ned et stykke. Ingen skadet. Kom seg ut for egen hjelp
06.01.17;0;2;Ski;M;Anderdalstinden;Balsfjord;Troms;109159;;Turfølge på to løste ut skred. En ble med skredet ned et stykke. Ingen skadet. Kom seg ut for egen hjelp
13.11.16;0;3;Ski;M;Ørsta;Ørsta;M&R;132880;;Turfølge på to løste ut skred. En person + en hund ble tatt. Ingen ble skadet. Kom seg ut for egen hjelp.
13.06.16;0;7;Ski;M;Liefdefjorden;;Sval.;132881;;Turfølge på syv utløste skred. Seks tatt. Ingen skadet. Kom seg ut for egen hjelp.
01.05.16;0;1;Bil;N;Gaularfjellet;Gaular;S&F;96291;;En bil (eller tilhenger) tatt i skred. 
01.05.16;0;3;Ski;M;Øspetind;Vestnes;M&R;96290;;Turfølge på tre utløste snøskred, ingen skadet. 
01.05.16;0;3;Ski;M;Slogen;Ørsta;M&R;96272;;To skred ble utløst av tre skikjørere på vei opp Slogen. Ingen ble tatt. 
30.04.16;0;10;Ski;M;Steindalsnosi;Luster;S&F;96215;;Guidet turgruppe fra High Camp Turtagrø. Ti stk i turfølget, ni av de tatt av skredet. To stk moderat til alvorlig skadet. 
30.04.16;0;3;Ski;M;Kyrkja;Lom;Oppl.;96091, 96151;;Et turfølge på tre, en tatt og begravd til brysthøyde. 
30.04.16;1;1;Ski;M;Kavlistetra;Rauma;M&R;96127;http://www.varsom.no/nytt/ulykkesrapporter-sno/Rapport-skred-Isfjorden-30-april-2016/;Svensk skikjører ble tatt av et skred og ført inn i skog.
30.04.16;0;3;Ski;M;Vangsen;Luster;S&F;96084;;Et turfølge på tre stk utløste skred, ingen ble tatt. 
30.04.16;0;5;Ski;M;Hestadalen, Folgefonna;Jondal;Hord.;96061;;Skikjørere (uvisst hvor mange) utløste skred i leheng. Mistet ski osv, ingen begravd. 
30.04.16;0;3;Ski;M;Loftet;Lom;Busk.;96507;;Skikjørere utløste et snøskred på 250-300 meters bredde i bratthenget opp mot Vesleloftet i Lom. Ingen skadd.
24.04.16;1;1;Ski;M;Flenjaeggi;Aurland;Hord.;95346;http://www.varsom.no/nytt/ulykkesrapporter-sno/rapport-snoskredulykke-flenjaeggi-aurland/;Mann omkom av snøskred, ble ført med snøen ned en renne og begravet. 
22.04.16;0;2;Ski;M;Tverrbytthornet;Lom;Oppl.;95185;;To skiløpere står oppe på en skavel under Tverrbytthornet. To sto ned, en ble tatt av raset og ble ført ca 100 meter nedover.
15.04.16;0;7;Ski;M;Tverrdalsfjellet;Narvik;Nord.;93268;;7 tyske turister utløste et skred, en skadet. 
02.04.16;0;2;Ski;M;Ringsdalen;Luster;S&F;91741;http://www.varsom.no/nytt/ulykkesrapporter-sno/skredhendelse-ringsdalen-2-april-2016/;Turfølge tatt av snøskred, redningstjenste kontaktet, men de involverte gjennomførte kameratredning.
27.03.16;1;1;Ski;M;Russelvfjellet;Lyngen;Troms;91373;http://www.varsom.no/nytt/ulykkesrapporter-sno/rapport-dodsulykke-i-lyngen-etter-skavlbrudd/;Mann falt fra skavl, utløste et snøskred, ble begravd under 1,5 m med snø.
23.03.16;0;1;Ski;M;Rundfjellet;Vågan;Nord.;90743;;Mann tatt av snøskred, mistet skiene.
08.03.16;0;7;Snøskuter;M;Valle;Valle;A-A;87535;;Følge på syv snøskutere, tre snøskutere tatt av skredet. Den ene mer eller mindre begravd. Ingen skader. 
04.03.16;0;2;Snøskuter;M;Årviksand;Skjervøy;Troms;86197;;To snøskuterkjørere utløste skredet. En truffet av skredet, men ikke begravd eller skadet. 
03.03.16;0;1;Snøskuter;M;Manndalen;Kåfjord;Troms;83884;;Skuterkjører utløste skred. Ble tatt, men kom seg ut. Skred løsnet på kantkornlaget
02.03.16;0;1;Fots;N;Dalsdalen;Høyanger;S&F;83803;;Jogger merket snøskyen godt, ingen skader skjedd. 
25.02.16;0;1;Bil;N;Skåstaddalen;Ørsta;M&R;87488;;Bil kjørte rett inn i et snøskred.
25.02.16;0;2;Ski;M;Norheimsund;Kvam;Hord.;83075;;2 skiløpere, den ene tatt og totalt begravd, men med en hånd over snøoverflaten. Bruddskader i ben. 
20.02.16;0;3;Ski;M;Teigafjellet;Sogndal;S&F;82190;;Tre skiløpere, der førstemann utløste skredet. Ingen ble tatt. 
20.02.16;0;2;Ski offpist;M;Lemonsjøen;Vågå;Oppl.;82293;;To skiløpere. Da de stoppet opp løste de ut et skred, en ble tatt med. Ingen skader. 
16.02.16;0;2;Bil;N;Grøtfjord;Tromsø;Troms;81512;;Bil kjørte inn i skredet som allerede hadde gått.
13.02.16;0;3;Ski;M;Rørnestind;Lyngen;Troms;81063, 81163;;Et turfølge på tre stk, en av de tatt av skredet. Gikk bra. 
13.02.16;0;1;Ski offpist;M;Sjusjøen Skisenter;Ringsaker;Hedm.;81126;http://www.varsom.no/nytt/ulykkesrapporter-sno/rapport-nestenulykker-i-gudbrandsdalen/;En skiløper tatt av skred, kom seg ut på egen hånd. 
13.02.16;0;2;Ski offpist;M;Kvitfjell;Ringebu;Oppl.;81026;http://www.varsom.no/nytt/ulykkesrapporter-sno/rapport-nestenulykker-i-gudbrandsdalen/;Personer skadet (delvis tatt av snøskred?) i forbindelse med kontroll av skiområde
11.02.16;0;1;Bil;N;Djupfjordfyllingen;Vågan;Nord.;79671;;Bil kjørte rett inn i et snøskred.
07.02.16;0;3;Fots;M;Bybo;Hammerfest;Finn.;79165;;Tre barn tatt av skred mot lekeområde bak boligblokk, alle overlevde.
31.01.16;0;2;Ski;M;Kleivhøi;Vågå;Oppl.;78213;http://www.varsom.no/nytt/ulykkesrapporter-sno/rapport-ulykke-snoskred-ved-kleivhoi-vaga/;To skiløpere, en tatt og helt begravd. Funnet med SM og grav fram bevisstløs etter 15 min. 
30.01.16;0;2;Ski offpist;M;Trysil skisenter;Trysil;Hedm.;77851;;Nestenulykke. 3 stk på skitur. 2 stk ble tatt av skredet, men ikke begravd. 
24.01.16;0;3;Ski;M;Rundfjellet;Balsfjord;Troms;76908;http://www.varsom.no/nytt/ulykkesrapporter-sno/rapport-nestenulykke-snoskred-ved-rundfjellet-breivikeidet/;Alle tre ble tatt av skredet, ingen ble totalt begravet og ingen ble skadet.
17.01.16;0;5;Ski;M;Storenut;Odda;Hord.;75827;;5 stk på tur, tre skadet. Ingen fullstendig begravet. De skredtatte fikk alle moderate bruddskader.
09.01.16;0;2;Bil;N;Ytre Bakkeby;Nordreisa;Troms;73875, 73794;;To biler tatt. Ingen personskader
03.01.16;0;1;Ski offpist;M;Filefjell alpinsenter;Vang;Oppl.;73236;;Mann alene på ski nært anlegget, løste ut skred i fokksnø. Ingen skader.
03.01.16;0;2;Ski offpist;M;Røldal skisenter;Odda;Hord.;72984;;To stk på ski ned ei renne, en ble tatt og skadet kneet. 
19.12.15;2;21;Hus;N;Longyearbyen;Longyearbyen;Sval.;71387;;Skred traff 10 hus fra 1976 under Sukkertoppen, 2 døde, 6 skadde. 21 mennesker var inni husene da skredet kom. Etter hendelsen ble 158 mennesker evakuert.
15.11.15;0;2;Ski;M;Rasletind;Vågå;Oppl.;67257, 67320, 67407;http://www.varsom.no/nytt/ulykkesrapporter-sno/rapport-snoskredulykke-rasletind/;Tre på tur opp, en utløste skredet. To tatt. en helt og en delvis begravd. Kameratreddet på 15 min.
27.06.15;0;3;Ski;M;Reinstinden;Sunndal;M&R;65478;;Tre på tur, en utløste skred. Ingen skade, men to hentet med helikopter.
13.06.15;0;1;Ski;M;Dyrhaugstindan;Luster;S&F;65362;;Skiløper utløste skred høyt i heng over fleire skiløparar lengre nede. Antall ukjent.
31.05.15;2;2;Fots;M;Merraflestind;Moskenes;Nord.;65479;;Par tatt i skred. Begge døde.
31.05.15;0;10;Ski;M;Gaustadtoppen;Tinn;Tele.;65480;;Ti personer i området da skredet gikk, uskadd.
30.05.15;0;5;Ski;M;Storbreskaret;Sunnmøre;M&R;64371;;Fem på tur, utløste et skred. En tatt, uskadd.
29.05.15;0;1;Ski;M;Hurrungane;Sogn;S&F;64313;;En tatt med i et skred, men kjørte ut av det uskadd.
28.05.15;0;1;Snøbrett;M;Stryn sommerskisenter;Sogn;S&F;64249;;En brettkjøre utløyste to skred uten å havne i skredmassene,
18.05.15;0;1;Ski;M;Lisjedalshornet;Ørstad;M&R;;;Detaljer og antall ukjent.
18.05.15;0;1;Ski;M;Saudehornet;Ørstad;M&R;;;Detaljer og antall ukjent.
16.05.15;0;1;Ski;M;Holmbukttinden ;Lyngen;Troms;;http://www.varsom.no/nytt/ulykkesrapporter-sno/Husk-at-klassiske-vinterskred-ogsa-kan-ga-pa-varen-/;En skiløper utløste flakskred i fokksnø, uskadd. Antall ukjent.
21.04.15;1;1;Ski;M;Tjønnholstinden;Vågå;Oppl.;60656;http://www.varsom.no/nytt/ulykkesrapporter-sno/Rapport---Dodsulykke-i-Jotunheimen-etter-skavlbrudd/;En skikjører utløste skavlbrudd til fots. Alene på tur. Døde fra langt fall.
06.04.15;0;1;Ski;M;Salvasskardfjellet;Bardu;Troms;59008;;En tatt av skred. Begravd, men funnet i live etter flere timer. Alene på tur.
04.04.15;0;1;Ski;M;"	Koppefjellet";Volda;M&R;;;Detaljer og antall ukjent.
04.04.15;0;5;Ski;M;"	Nyheitinden";Rauma;M&R;;http://varsom.no/Documents/Hendelsesrapport%20Nyheitind%20p%c3%a5skeaften%202015.pdf;Fem på tur fjernutløst stort skred, ingen tatt. 13 hentet ned fra fjellet med helikopter.
04.04.15;0;1;Ski;M;Kirketaket;Rauma;M&R;58866;;En skiløper utløste skred. Antall ukjent.
03.04.15;0;1;Ski;M;Storlidalen;Oppdal;S-T;;;Detaljer og antall ukjent.
03.04.15;0;1;Ski;M;Kolåstind;Ørstad;M&R;58862;;Skred utløst, ingen skadet. Antall ukjent.
03.04.15;0;1;Ski;M;Smeddalen;Lærdal;S&F;58739;;En utløste skred, men kom fra det uskadd. Antall ukjent.
03.04.15;0;2;Ski;M;Tamokdalen;Balsfjord;Troms;58726;;To tatt i skred. Ført oppå snøen over 100m, men ingen skader/begravd.
03.04.15;0;1;Ski;M;Øksendalen;Sunndal;M&R;;http://www.varsom.no/Nytt/Nestenulykker/;Detaljer og antall ukjent.
02.04.15;0;1;Ski;M;Beiarn;Beiarn;Nord.;58612;;Detaljer og antall ukjent.
26.03.15;0;2;Ski;M;Geitgaljen;Vågan;Nord.;57761, 57932, 57815;;To på vei opp tatt i skred, en på overflata og en devis begravd. Gravd frem av kamerat.
24.03.15;0;3;Ski;M;Kolåstind;Ørstad;M&R;57575;;Tre på vei opp utløser skred, ingen tatt.
22.03.15;0;8;Ski;M;Gravdalen;Luster;S&F;57536;;Åtte på tur fjernutløser skred på vei opp, ingen tatt.
08.03.15;0;2;Bil;N;Skredestranda;Eid;S&F;;;To biler fast i skredmassene. Snøskred/flomskred. Ukjent antall.
02.03.15;0;11;Bil;N;E39 Romarheimdalen;Masfjorden;Hord.;54013;;Fire biler med 11 truffet av vått flakskred. Lettere skader.
17.02.15;1;2;Ski;M;Fastdalstinden;Lyngen;Troms;53125;http://www.varsom.no/nytt/ulykkesrapporter-sno/Vedvarende-svakt-lag-skaper-utfordringer-i-nord/;To på vei ned, en utløste et flakskred. ble begravd og døde.
17.02.15;0;1;Ski;M;Sogndalsdalen;Sogndal;S&F;;;Detaljer og antall ukjent.
16.02.15;0;1;Buss;N;Fv293 Holmbuktura;Tromsø;Troms;;;Bussjåfør delvis tatt av skred.
15.02.15;0;1;Ingen;N;Tromsø alpinanlegg;Tromsø;Troms;;;Detaljer og antall ukjent.
14.02.15;0;1;Snøskuter;M;Austertana;Tana;Finn.;;;Detaljer og antall ukjent.
13.02.15;0;3;Bil;N;E8 Lavangsdalen;Tromsø;Troms;;;To trailere delvis tatt og en personbil tatt av skred. Detaljer og antall ukjent.
11.02.15;0;1;Brøyting;N;Vikafjellet;Voss;Hord.;;;Hjullaster med fres i arbeid. Skredet gikk på stengt vei.
10.02.15;1;1;Snøskuter;M;Reisadalen;Nordreisa;Troms;;;En skuterkjører tatt, begravd og drept i flakskred fjernutløst av forulykkede.
09.02.15;0;1;Tråkkemaskin;M;Oppdal alpinanlegg;Oppdal;S-T;;;Detaljer og antall ukjent.
08.02.15;0;1;Brøyting;N;Vikafjellet;Voss;Hord.;;;Brøytebil tatt av skred ved Skjelingavatnet.
08.02.15;0;1;Ski;M;Sogndalsdalen;Sogndal;S&F;;;Detaljer og antall ukjent.
08.02.15;0;1;Ski offpist;M;Strandafjellet alpinanlegg;Stranda;M&R;;;Detaljer og antall ukjent.
08.02.15;0;1;Ski offpist;M;Hodlekve alpinanlegg;Sogndal;S&F;;;Detaljer og antall ukjent.
07.02.15;0;11;Ski;M;Kavringstind;Lyngen;Troms;50314;;11 på tur utløste skred på vei ned.
02.02.15;0;1;Ski;M;Kvamskogen;Kvam;Hord.;;;Detaljer og antall ukjent.
01.02.15;0;1;Ski;M;Nibbi;Hemsedal;Busk.;48956, 48834;;Skiløper falt og løste ut skred. Uskadd. Detaljer og antall ukjent.
31.01.15;0;1;Ski;M;Sogndalsdalen;Sogndal;S&F;;http://www.varsom.no/nytt/ulykkesrapporter-sno/Svart-krevende-forhold/;Skiløper fjernutløste stort skred. Detaljer og antall ukjent.
31.01.15;0;2;Ski;M;Leirbotn;Alta;Finn.;48734;;To tatt i skred, uskadd.
31.01.15;0;1;Snøskuter;M;Sikkelsdalen;Nord-Fron;Oppl.;48743;;Skuter fjernutløste skred, men ble ikke tatt.
29.01.15;0;2;Ski;M;Rørgata-Totenvik;Lyngen;Troms;48467;http://www.varsom.no/nytt/ulykkesrapporter-sno/Var-varsom-ogsa-ved-stabile-forhold/;To fjernutløste skred i testheng, ingen tatt
28.01.15;0;1;Ski;M;Skjøsnosi Tyin;Tyin;Oppl.;;;Detaljer og antall ukjent.
28.01.15;0;1;Ski;M;Kvalhornet;Fauske;Nord.;48605;;Detaljer og antall ukjent.
27.01.15;0;2;Ski;M;Buren;Tromsø;Troms;48241;;To utløste skred i testheng, uskadd.
24.01.15;1;1;Snøskuter;M;Fardalen;Svalbard;Sval.;;;En skuterkjører tatt, begravd og drept i fjernutløst flakskred.
20.01.15;0;1;Ski offpist;M;Eikedalen alpinanlegg;Samnanger;Hord.;49023;;En tatt, uskadd.
14.01.15;0;1;Brøyting;N;Fv63 Eidsdal-Geiranger;Stranda;M&R;;;Brøytebil truffet av skred.
13.01.15;0;1;Brøyting;N;Sogndalsdalen;Sogndal;S&F;;;Brøytebil nær truffet av skred.
13.01.15;0;1;Ski;M;Vikheia;Vesterålen;Nord.;46670;;En utløste skred i testheng. Uskadd.
10.01.15;0;1;Ski;M;Sogndalsdalen;Sogndal;S&F;49805;;Detaljer og antall ukjent.
03.01.15;0;1;Ski;M;Goalsevarre ;Lyngen;Troms;44648;;En utløste skredet, uskadd.
03.01.15;0;2;Ski offpist;M;Lemonsjøen alpinanlegg;Vågå;Oppl.;44673;;To utløste skred nær alpinanlegg. En ført med skredet på overflaten.
26.12.14;0;1;Ski;M;Finnlandsfjellet;Tromsø;Troms;;;