Comment;TripRegistrationTime;TripID;GeoHazardTID;ObserverID;IsFinished;TripTypeName;DeviceID;ObsLocationID;ObservationExpectedTime;TripTypeTID;TripFinishedTime
Rekognoseringstur for aa se snoemengde og fordeling;2015-11-10 10:24:39;603;10;270;True;Ordinaer ihht. obsavtale;2c69fe22-4736-4b68-34a7-1eb8b70dcd49;28178;2015-11-10 19:00:00;20;2015-11-10 13:25:31
Obs-tur aastedsgransking ifm skred Rasletind 15.11.15.;2015-11-16 11:23:42;604;10;784;True;Privat;144b6047-ce17-4f25-1116-9e22434fb173;28213;2015-11-16 15:00:00;60;2015-11-16 14:11:59
;2015-11-17 10:19:49;605;10;1586;True;Privat;d6393ba9-29fc-46cb-93b6-f0745749d10c;28223;2015-11-17 11:00:00;60;2015-11-17 11:15:57
Storhaugen . Foerste sjekk av snoedekke;2015-11-24 10:07:29;606;10;767;True;Ordinaer ihht. obsavtale;85a4254a-c463-4930-39f9-cb5a1dd53457;28361;2015-11-24 16:00:00;20;2015-11-24 13:42:22
Tur til Smaatinden i Raften. Faa en oversikt over snoedekket foer varslingssesongen er i gang;2015-11-27 10:32:22;607;10;788;True;Ordinaer ihht. obsavtale;5aaa1f37-5f43-45ef-7a65-2d4ee7537f95;28414;2015-11-27 15:00:00;20;2015-11-27 13:36:17
Skelelvhoegda i Lavangsdalen;2015-11-27 10:44:30;608;10;19;True;Ansatt;ced1cd43-c38f-4bc5-db0f-7d4caed849ba;28416;2015-11-27 15:00:00;50;2015-11-27 13:29:11
OErtfjelltinden, se hvor hoeyt det regnet siste dager, og se paa snoemengde paa ca 7-800moh;2015-11-28 09:24:45;609;10;839;True;Ordinaer ihht. obsavtale;efa83f9a-c115-4e42-bdcb-082be012d059;28448;2015-11-28 16:00:00;20;2015-11-28 14:03:57
;2015-11-28 10:53:41;610;10;282;True;Ordinaer ihht. obsavtale;5ae35999-6ebf-4e8b-6d87-3a083d9270b3;28449;2015-11-28 16:00:00;20;2015-11-28 23:00:00
Fagernesfjellet;2015-11-28 10:57:42;611;10;775;True;Ordinaer ihht. obsavtale;baf94173-aefb-47ad-1699-cd45aa899000;28450;2015-11-28 16:00:00;20;2015-11-28 23:00:00
;2015-11-28 13:08:28;612;10;16;True;Ordinaer ihht. obsavtale;92c32ec4-c42f-44f1-2506-4d39ebd4ccb0;28458;2015-11-28 17:00:00;20;2015-11-28 17:47:05
Langranden;2015-11-28 13:21:09;613;10;25;True;Ordinaer ihht. obsavtale;504bf9c6-37bc-46ae-613e-ce81782d1da0;28462;2015-11-28 17:00:00;20;2015-11-28 16:37:03
Olahansen i Joelster;2015-11-28 14:03:33;614;10;544;True;Ordinaer ihht. obsavtale;c0919217-44dc-4e6b-cc6f-712b9ab8ea32;28464;2015-11-28 17:00:00;20;2015-11-28 17:37:18
;2015-11-29 10:15:37;615;10;775;True;Ordinaer ihht. obsavtale;17681178-2458-4eaa-320e-d106fcfb0764;28488;2015-11-29 16:00:00;20;2015-11-29 23:00:00
Tidlig morgen paa Vetefjell;2015-11-30 06:00:45;616;10;749;True;Ordinaer ihht. obsavtale;273152f5-f5bb-4c5f-b805-f59d1829d5bc;28512;2015-11-30 10:00:00;20;2015-11-30 23:00:00
Kjoerer vestover mot Sogn og ser om det er mulig aa gjennomfoere skitur.;2015-11-30 09:51:04;617;10;35;True;Ordinaer ihht. obsavtale;abde95fb-4322-44dd-824a-4d38a1e816ee;28518;2015-11-30 13:00:00;20;2015-11-30 10:50:17
;2015-11-30 10:45:11;618;10;282;True;Ordinaer ihht. obsavtale;c6cf0e06-e146-4f3e-68ab-fe96853fc11c;28530;2015-11-30 15:00:00;20;2015-11-30 15:01:32
Standard obstur paa Roernestind;2015-12-01 08:23:53;619;10;271;True;Ordinaer ihht. obsavtale;11c9ba8d-9ba0-4790-adda-cfaadeb42922;28562;2015-12-01 14:00:00;20;2015-12-01 13:21:04
Tur mot Kambafjell, start 500moh;2015-12-01 09:21:04;620;10;1084;True;Ordinaer ihht. obsavtale;a0018702-c7c9-4b2b-0583-f553271b6422;28565;2015-12-01 16:00:00;20;2015-12-01 11:37:18
Giilavarre . Ut aa finne svar paa desemberoensker fra Emma;2015-12-01 10:02:22;621;10;767;True;Ordinaer ihht. obsavtale;5237318c-6e39-44e2-dcf8-de98b56dce1e;28567;2015-12-01 15:00:00;20;2015-12-01 14:18:34
Mot Nonstinden fra Boestoelen.;2015-12-01 10:50:31;622;10;201;True;Ordinaer ihht. obsavtale;add47ccd-1087-4f98-68a4-11cd2acf9e0e;28574;2015-12-01 14:00:00;20;2015-12-01 14:15:03
Tur til Snytind, Digermulen. Opp paa 600moh og sjekke snoedekket og snoemengde:);2015-12-01 11:21:35;623;10;788;True;Ordinaer ihht. obsavtale;e52ed62f-97fe-4fab-5bcc-252923c262b3;28581;2015-12-01 15:00:00;20;2015-12-01 23:00:00
Skal gaa opp til 500 moh i ytre del av regionen. Froeskelandsfjellet. Vestvendt. Se etter ustabilitet i fokksnoeen, samt om jeg finner kantkorna snoe i bunnen.;2015-12-01 11:51:54;624;10;112;True;Ordinaer ihht. obsavtale;71f9b7ea-07da-423d-79f9-248fe47a5421;28584;2015-12-01 16:00:00;20;2015-12-01 14:54:26
Boeverkinnhalsen;2015-12-01 11:58:16;625;10;25;True;Ordinaer ihht. obsavtale;e6050115-e74f-437f-0db9-c18254442908;28586;2015-12-01 14:00:00;20;2015-12-01 14:55:51
;2015-12-01 12:49:59;626;10;42;True;Ansatt;fa30a8fe-70b4-40e2-8ea1-d7b5075b872e;28594;2015-12-01 16:00:00;50;2015-12-01 15:25:06
;2015-12-02 09:40:14;627;10;282;True;Ordinaer ihht. obsavtale;2a2c2d9b-0634-4eee-ffac-25a031176c3c;28636;2015-12-02 15:00:00;20;2015-12-02 14:48:07
;2015-12-02 09:49:07;628;10;111;True;Ordinaer ihht. obsavtale;03ecf7aa-1f4c-4f54-8be9-08ccb42993bd;28639;2015-12-02 15:00:00;20;2015-12-02 14:53:27
;2015-12-02 10:20:25;629;10;749;True;Ordinaer ihht. obsavtale;1bc3caa1-985a-48f6-fb1a-d81ae89db35e;28640;2015-12-02 14:00:00;20;2015-12-02 23:00:00
Olahansen i Dvergsdalsdalen i Joelster . Sjaa etter ustabile sjiktovergangar i nysnoeen;2015-12-03 08:38:58;630;10;544;True;Ordinaer ihht. obsavtale;01b54b84-8b30-4036-801f-8841752dccd2;28662;2015-12-03 13:00:00;20;2015-12-03 12:31:45
Stortind. Ser etter mengde snoe, kantkorn ...;2015-12-03 08:55:40;631;10;270;True;Ordinaer ihht. obsavtale;7b8741fc-bb01-4bc0-b6c0-72d0e9e49db2;28664;2015-12-03 15:00:00;20;2015-12-03 12:33:41
Tur til Steinskardtind, Kattfjordeidet. Mye vind aa nedboer i byen, se hva som skjer i hoeyden;2015-12-03 09:04:55;632;10;203;True;Ordinaer ihht. obsavtale;c41eb08e-e6f8-43f2-ac27-b420551c6b96;28665;2015-12-03 13:00:00;20;2015-12-03 12:43:45
Vengedalen;2015-12-03 10:56:23;633;10;201;True;Ordinaer ihht. obsavtale;385c8033-1db8-484f-f2b2-80a23e33167e;28674;2015-12-03 14:00:00;20;2015-12-03 13:43:13
Obstur skoersnoese , jotunheimen;2015-12-03 12:27:45;634;10;21;True;Ordinaer ihht. obsavtale;0a3a68fc-0718-4b93-416f-aaa582e651c6;28681;2015-12-03 14:00:00;20;2015-12-03 14:12:03
Bergsjoe. 15 cm nysnoe hjemme paa aal i natt.;2015-12-04 09:45:18;635;10;1083;True;Ordinaer ihht. obsavtale;9c3b93a8-5cbb-4c08-60fa-1c692a5352ac;28719;2015-12-04 14:00:00;20;2015-12-04 23:00:00
Drar til Viktind og ser etter nysnoegrense og hva vaer og vind har gjort med snoedekket;2015-12-04 09:54:09;636;10;788;True;Ordinaer ihht. obsavtale;c65c3dc2-43b0-4d24-c8e1-6312d0c85a72;28720;2015-12-04 15:00:00;20;2015-12-04 23:00:00
;2015-12-04 10:15:18;637;10;282;True;Ordinaer ihht. obsavtale;e04ec001-0423-48dd-6419-ffc5e02f748f;28723;2015-12-04 14:00:00;20;2015-12-04 12:31:18
Bjoernfjell stasjon;2015-12-04 10:32:31;638;10;775;True;Ordinaer ihht. obsavtale;23d1aa07-a62f-42a9-8782-fbf9aa65d138;28724;2015-12-04 16:00:00;20;2015-12-04 18:10:57
Lite snoe i ytre deler av regionen. Men drar til Standalseidet for aa faa betre oversikt over snoemengde og snoefordeling. Og vindtransport;2015-12-04 11:16:26;639;10;269;True;Ordinaer ihht. obsavtale;a43678ce-69b1-4f14-06df-3034f03caf0a;28725;2015-12-04 15:00:00;20;2015-12-04 14:33:59
Drar ut til stormoa paa senja, usikker paa snoe forhold! Moerke gjoer at det tar litt tid! Obs ventet ikveld. Daarlig dekning i omraadet;2015-12-04 15:22:56;640;10;794;True;Ordinaer ihht. obsavtale;532620c3-6a20-4e26-5cda-18b5f199a4fb;28780;2015-12-04 21:00:00;20;2015-12-04 23:00:00
Bomfjellet, oertfjell. Bindinger i fokksnoe, hvor hoeyt har mildvaer gaatt siste uken;2015-12-05 09:45:25;641;10;839;True;Ordinaer ihht. obsavtale;bfcfe3bd-9912-417c-8c58-9b8f32a7f70b;28792;2015-12-05 15:00:00;20;2015-12-05 23:00:01
Sorbmegaisa og sjekk av fokksnoe og leit e svake lag;2015-12-05 10:17:18;642;10;767;True;Ordinaer ihht. obsavtale;4a54ceae-e579-4b27-c662-05e344f427dc;28794;2015-12-05 14:00:00;20;2015-12-05 14:38:16
Liten tur i uvaeret.;2015-12-05 10:33:36;643;10;33;True;Ordinaer ihht. obsavtale;9f8e8a83-7c0b-4718-dc92-b018c39bb68c;28800;2015-12-05 13:00:00;20;2015-12-05 12:24:59
Leirbotn: Ferske fokksnoeflak? Mildvaer i gaar hoeyde. Kantkorn i indre del av regionen.;2015-12-05 10:46:46;644;10;270;True;Ordinaer ihht. obsavtale;44bde79d-e9b1-409a-df0e-737c07250dac;28802;2015-12-05 16:00:00;20;2015-12-05 14:48:31
Sjufjellet normalvn;2015-12-05 11:08:01;645;10;60;True;Ordinaer ihht. obsavtale;9e3bb753-8080-461c-3543-65fab50b9980;28804;2015-12-05 15:00:00;20;2015-12-05 23:00:01
Fagerfjell;2015-12-05 11:14:10;646;10;19;True;Ansatt;fba58b2b-eda0-41e0-948e-a80c94104d09;28806;2015-12-05 15:00:00;50;2015-12-05 14:26:01
;2015-12-05 12:02:28;647;10;325;True;Ordinaer ihht. obsavtale;6fd7681e-e8ea-40b7-12d3-bf1c95e50019;28811;2015-12-05 19:00:00;20;2015-12-05 14:51:30
Skorgedalen.;2015-12-06 11:12:45;648;10;201;True;Ordinaer ihht. obsavtale;e13b03dc-77bf-4864-8b83-af7b86847ae9;28853;2015-12-06 14:00:00;20;2015-12-06 13:42:26
Boeverkinnhalsen;2015-12-06 11:24:56;649;10;25;True;Ordinaer ihht. obsavtale;eb8c17fd-1d1f-471b-2b1a-34fa8c48adb5;28855;2015-12-06 14:00:00;20;2015-12-06 13:23:29
Tverrfjellet paa kattfjordeidet;2015-12-06 11:45:16;650;10;16;True;Ordinaer ihht. obsavtale;dc1b1496-2085-4722-1a19-e563836e9b87;28860;2015-12-06 17:00:00;20;2015-12-06 16:32:42
Litletind;2015-12-06 11:56:29;651;10;775;True;Ordinaer ihht. obsavtale;67491a0c-d788-49f7-2a72-3662f2cb7297;28861;2015-12-06 17:00:00;20;2015-12-06 23:00:00
Kvamsfjellet ved Joelster Skisenter.;2015-12-06 14:11:45;652;10;544;True;Ordinaer ihht. obsavtale;fa6da016-1259-4644-126a-0123141b05ea;28873;2015-12-06 17:00:00;20;2015-12-06 16:12:13
Utvikfjellet;2015-12-06 14:44:43;653;10;1076;True;Ordinaer ihht. obsavtale;df7959c0-4dfb-43c8-1b2e-526cf9e241c8;28880;2015-12-06 17:00:00;20;2015-12-06 18:01:48
Mye vaer fra vest i dag. Kjoerer vestover for aa se hva som har skjedd i grensetraktene mot Sogn.;2015-12-07 09:47:06;654;10;35;True;Ordinaer ihht. obsavtale;84ecdab8-6fa1-4395-5f62-d7e3efc7ace6;28905;2015-12-07 14:00:00;20;2015-12-07 22:30:49
Skal se etter nysnoegrense, og fokksnoe. Det regner i lavlandet.;2015-12-07 10:40:04;655;10;280;True;Ordinaer ihht. obsavtale;014f55b0-cd17-4d2a-3963-29021f9a634a;28908;2015-12-07 14:00:00;20;2015-12-07 13:20:48
;2015-12-07 10:42:26;656;10;282;True;Ordinaer ihht. obsavtale;15a71d22-d691-4e05-c3d5-a13ce5a8ca8b;28909;2015-12-07 16:00:00;20;2015-12-07 23:00:01
;2015-12-07 13:30:31;657;10;40;True;Ordinaer ihht. obsavtale;7f2c1411-57f2-45a8-b93f-399f5da9b1cc;28921;2015-12-07 16:00:00;20;2015-12-07 23:00:01
Tur til Smaatinden. Se hvor mye nysnoe som er kommet og hvor hoeyt mildvaeret har naadd;2015-12-08 09:49:13;658;10;788;True;Ordinaer ihht. obsavtale;0d4e635c-5b05-4150-89a4-94cce739e03f;28965;2015-12-08 14:00:00;20;2015-12-08 13:21:23
;2015-12-08 09:55:34;659;10;801;True;Ordinaer ihht. obsavtale;b03f8c26-26e6-4923-6c03-37d29dc589ca;28966;2015-12-08 14:00:00;20;2015-12-08 13:29:54
Mortenhalsskolten, Malangen.;2015-12-08 10:21:15;660;10;741;True;Ansatt;7066ce8b-a03f-4b4e-ae1b-bc9c2448396f;28971;2015-12-08 15:00:00;50;2015-12-08 14:06:53
;2015-12-08 10:23:12;661;10;126;True;Ansatt;9c349ca3-0b03-4b86-0923-b1c4fcbbeb41;28972;2015-12-08 14:00:00;50;2015-12-08 23:00:01
Boemark. Skal sjekke stabilitet i fokksnoe mot NOE og SOE.;2015-12-08 11:24:39;662;10;112;True;Ordinaer ihht. obsavtale;728ef3db-f9fd-4925-e627-e188a902c575;28977;2015-12-08 15:00:00;20;2015-12-08 14:30:13
Torskmannen. Siden det ikke virket tidligere saa melder jeg inn i etterkant...;2015-12-08 16:43:20;663;10;594;True;Ordinaer ihht. obsavtale;24b53304-ef93-47bc-defd-5c8ccd45dd37;29005;2015-12-08 14:00:00;20;2015-12-08 16:43:28
Obstur Steinskardtind. Forventer aa komme opp til ca 650moh. Se hva som har skjedd oppover i alt vaeret.;2015-12-08 19:09:17;664;10;203;True;Ordinaer ihht. obsavtale;2bfc0e48-df0a-4963-5fda-f500605e5fcb;29015;2015-12-08 23:00:00;20;2015-12-08 23:00:01
;2015-12-09 10:12:39;665;10;282;True;Ordinaer ihht. obsavtale;ce8eab0b-b98d-477a-7384-dba2cb63b2f6;29032;2015-12-09 15:00:00;20;2015-12-09 14:31:25
Storhaugen sjekk av nysnoemengde og utbredelse av svake lag;2015-12-09 10:12:53;666;10;767;True;Ordinaer ihht. obsavtale;b24f33de-e0ca-454d-fba4-6245cd386ba5;29033;2015-12-09 15:00:00;20;2015-12-09 13:48:18
Raulandsfjell;2015-12-09 10:13:30;667;10;260;True;Ordinaer ihht. obsavtale;d9966ac3-f798-4f50-f163-6207c180f22b;29035;2015-12-09 17:00:00;20;2015-12-09 16:38:38
;2015-12-09 11:51:42;668;10;40;True;Ordinaer ihht. obsavtale;fc6b1c0a-2d78-47a6-25a3-e86069341ad6;29046;2015-12-09 15:00:00;20;2015-12-09 23:00:00
Kurstur .Ser etter snoefokk problem;2015-12-09 12:06:05;669;10;1418;True;Ordinaer ihht. obsavtale;3021d2ab-54b7-4aa9-ae30-278e02f0ee02;29049;2015-12-09 17:00:00;20;2015-12-09 23:00:00
Kurstur, ser etter fokksnoe problem.;2015-12-09 12:06:07;670;10;1338;True;Ordinaer ihht. obsavtale;5faebee5-db5e-420b-d2b7-f0d4e50f3d0f;29050;2015-12-09 17:00:00;20;2015-12-09 18:23:36
Kurs tur. Ser etter fokksnoeproblem.;2015-12-09 12:06:09;671;10;1578;True;Tillegg ihht. obsavtale;f7a748a1-7f50-4a85-5c20-84117ea6f3a9;29051;2015-12-09 17:00:00;30;2015-12-09 16:32:39
Kurstur, ser etter fokksnoe.;2015-12-09 12:06:19;672;10;1083;True;Ordinaer ihht. obsavtale;7d53c034-4e66-456b-6ca4-d1c9a22a90bb;29052;2015-12-09 17:00:00;20;2015-12-09 17:08:39
Kurstur;2015-12-09 12:06:38;673;10;759;True;Privat;87074761-08f1-4d6b-3831-9231fbc29ec5;29053;2015-12-09 17:00:00;60;2015-12-09 18:23:13
Kurstur;2015-12-09 12:07:01;674;10;1068;True;Privat;9ea9a275-f7ec-43c1-ecf3-52f2112c7fba;29054;2015-12-09 17:00:00;60;2015-12-09 16:29:33
Vi er paa vei ut naa. Skal sjekke mildvaersgrense og fokksnoemengde i N/NOE.;2015-12-09 12:07:42;675;10;740;True;Ansatt;df7b51aa-4380-49b5-df0a-74c542c48a06;29055;2015-12-09 16:00:00;50;2015-12-09 16:57:35
Obskurs. Sjekke mildboersgrense + fokksnoe OE NOE;2015-12-09 12:07:56;676;10;1598;True;Ordinaer ihht. obsavtale;2df89358-85e7-4568-cfbb-c2d97504429a;29056;2015-12-09 17:00:00;20;2015-12-09 16:38:23
;2015-12-09 12:09:42;677;10;108;True;Ansatt;85405e5d-5b7e-4483-d705-2ab9f0d7dd67;29057;2015-12-09 16:00:00;50;2015-12-09 16:51:15
Skal se hvor langt opp mildvaeret tok, og hva det har gjort med snoedekket. Skal ogsaa se etter fokksnoe/fersk vindtransportert i N-SOE vendte sider.;2015-12-09 12:09:48;678;10;1634;True;Ansatt;fddcd5b3-a4dc-4416-6969-6d7b9bc99543;29058;2015-12-09 17:00:00;50;2015-12-09 16:11:12
Solgladfjellet;2015-12-09 12:23:06;679;10;762;True;Ordinaer ihht. obsavtale;445b0082-6a6e-45be-73a7-e68df1df886f;29059;2015-12-09 15:00:00;20;2015-12-09 16:50:15
Solglad, hemsedal;2015-12-09 12:23:10;680;10;1664;True;Ansatt;9d74a565-13b4-4014-1c9f-ecac6dfdb9f7;29060;2015-12-09 16:00:00;50;2015-12-09 23:00:00
;2015-12-09 12:24:22;681;10;1646;True;Ordinaer ihht. obsavtale;af046cc1-b114-4ac8-2301-7fe45599c0ed;29061;2015-12-09 15:00:00;20;2015-12-09 16:50:40
Kurstur;2015-12-09 12:24:26;682;10;1243;True;Ordinaer ihht. obsavtale;f6840ab4-152a-496f-5af6-833e71aa7727;29062;2015-12-09 15:00:00;20;2015-12-09 16:50:12
Solgladberge.;2015-12-09 12:24:29;683;10;1610;True;Ordinaer ihht. obsavtale;a1898330-dcf2-4121-4cca-c618eab9d125;29063;2015-12-09 17:00:00;20;2015-12-09 17:08:58
Raudbergstulen. Flere fjellveger er ikke broeytet / stengt i dag pga vanskelige foereforhold.;2015-12-09 12:51:37;684;10;25;True;Ordinaer ihht. obsavtale;93fa7fa1-b7da-41cd-e087-3b84caa4d3cc;29076;2015-12-09 14:00:00;20;2015-12-09 23:00:00
Olahansen i Dvergsdalsdalen i Joelster;2015-12-09 13:44:13;685;10;544;True;Ordinaer ihht. obsavtale;2f1eaaad-b14c-4259-01cf-6b4b9cb90b02;29089;2015-12-09 17:00:00;20;2015-12-09 18:20:14
;2015-12-10 09:40:43;686;10;271;True;Ordinaer ihht. obsavtale;8fd92281-32c3-4994-17c5-5024f9665ef1;29147;2015-12-10 14:00:00;20;2015-12-10 13:26:43
Skal se hvor mye fokksnoe det er kommet i skoggrensen etter vinden som var i gaar kveld/natt, og hvor god binding det er i den.;2015-12-10 09:49:45;687;10;1634;True;Ansatt;d0b70eb8-c78d-467e-fc3a-38d3e6585e5e;29148;2015-12-10 13:00:00;50;2015-12-10 12:02:45
;2015-12-10 09:51:59;688;10;746;True;Tillegg ihht. obsavtale;0c944237-5c9f-43d6-6804-70ba6c9ecdb0;29149;2015-12-10 12:00:00;30;2015-12-10 23:00:01
Se etter daarlige bindinger i fokksnoeen;2015-12-10 09:53:54;689;10;108;True;Ansatt;cfc710fb-6aa0-4388-4fef-d1f851b2697f;29151;2015-12-10 13:00:00;50;2015-12-10 13:07:16
Se paa hvor mye vindtransportert snoe som er kommet siden i gaar. Hvordan har den bundet seg til tidligere fokksnoe.;2015-12-10 09:55:13;690;10;1598;True;Privat;72d09645-6afd-41a9-6f93-2ee6a2b63991;29152;2015-12-10 13:00:00;60;2015-12-10 11:58:13
Harahorn;2015-12-10 09:56:25;691;10;762;True;Privat;db67cfdf-aaee-428a-dd70-75d898b06efe;29154;2015-12-10 14:00:00;60;2015-12-10 23:00:01
;2015-12-10 09:57:29;692;10;1243;True;Ordinaer ihht. obsavtale;b4bc17e2-40d5-4201-6c26-e52884f0fe2b;29155;2015-12-10 13:00:00;20;2015-12-10 23:00:01
;2015-12-10 09:58:22;693;10;1653;True;Ordinaer ihht. obsavtale;79967ff1-fdae-4e84-fef0-afe39cccae56;29156;2015-12-10 13:00:00;20;2015-12-10 23:00:01
;2015-12-10 10:00:03;694;10;1664;True;Ansatt;a750479a-b131-4871-20f4-d3b58ef405e1;29157;2015-12-10 12:00:00;50;2015-12-10 12:44:38
Gruppetur fra Harahorn hotel;2015-12-10 10:00:28;695;10;1610;True;Ordinaer ihht. obsavtale;c011f781-1930-4f8f-6953-7f8de9834db5;29158;2015-12-10 13:00:00;20;2015-12-10 12:39:45
;2015-12-10 10:01:29;696;10;1418;True;Ordinaer ihht. obsavtale;d1ca97ca-ae83-4f80-0d2a-684a0f6bfeab;29160;2015-12-10 14:00:00;20;2015-12-10 10:06:19
Kurstur, ser etter nye fokksnoe problemer.;2015-12-10 10:01:36;697;10;1338;True;Ordinaer ihht. obsavtale;7ca88fa1-0445-4c19-5710-9e7af5c40f20;29161;2015-12-10 16:00:00;20;2015-12-10 11:54:09
Reg obs kurs 4b, obs tur. Skal se etter svakheter i fokksnoeen.;2015-12-10 10:03:18;698;10;759;True;Privat;09d3bdaa-e785-4421-e030-a9316797247a;29162;2015-12-10 15:00:00;60;2015-12-10 12:01:59
;2015-12-10 10:03:58;699;10;1578;True;Tillegg ihht. obsavtale;42c451ef-a110-4ab6-cfdb-61420f8bca7c;29163;2015-12-10 13:00:00;30;2015-12-10 11:54:25
Se etter fokksnoe;2015-12-10 10:06:45;700;10;1418;True;Ordinaer ihht. obsavtale;33b788b2-76b6-4ebc-0d9a-350c16e6c96c;29164;2015-12-10 13:00:00;20;2015-12-10 11:59:18
Ut paa tur for aa finne fokksnoe (det blaaser katter og kaniner);2015-12-10 10:23:18;701;10;740;True;Ansatt;518427eb-118c-4cc2-fdc8-9763dd5f7ff6;29166;2015-12-10 13:00:00;50;2015-12-10 12:17:04
;2015-12-10 10:45:46;702;10;1646;True;Ordinaer ihht. obsavtale;9fdce555-f480-44e1-1b26-23d04ad842aa;29186;2015-12-10 13:00:00;20;2015-12-10 12:51:30
Kurs;2015-12-10 11:32:31;703;10;1083;True;Ordinaer ihht. obsavtale;2f6a91c1-84ea-47c7-6f03-ce96794c17dd;29190;2015-12-10 16:00:00;20;2015-12-10 12:23:47
Obstur Galden, jotunheimen;2015-12-10 12:17:33;704;10;21;True;Ordinaer ihht. obsavtale;d6122a5e-2349-42b0-2a49-2d34affa05db;29206;2015-12-10 15:00:00;20;2015-12-10 13:52:42
Steinskartinden.;2015-12-10 18:25:18;705;10;773;True;Ordinaer ihht. obsavtale;2696a590-8e7d-4954-558f-06826f66c39e;29234;2015-12-10 23:00:00;20;2015-12-10 22:14:50
Stormheimfjellet.;2015-12-11 09:22:07;706;10;741;True;Ansatt;53c7524c-af17-4f67-99e1-0ee76486abb6;29246;2015-12-11 15:00:00;50;2015-12-11 16:10:29
;2015-12-11 09:41:43;707;10;282;True;Ordinaer ihht. obsavtale;4eb29bff-d738-4f4f-daa1-3a939950d07d;29247;2015-12-11 14:00:00;20;2015-12-11 12:19:09
Fagernesfjellet;2015-12-11 09:48:38;708;10;775;True;Ordinaer ihht. obsavtale;73e01598-28c2-4cff-0e40-8d3092db5750;29248;2015-12-11 15:00:00;20;2015-12-11 23:00:00
Drar vestover fra Hemsedal mot bjoeberg. Skal undersoeke hvordan siste dagers vind og snoe har fordelt seg og stabilisert seg.;2015-12-11 10:01:53;709;10;35;True;Ordinaer ihht. obsavtale;0a744abd-ce16-4a60-5ffc-53f4e5401898;29250;2015-12-11 14:00:00;20;2015-12-11 23:00:00
Tur til Smaatinden. Se hva mildvaeret har gjort med snoeen.;2015-12-11 10:02:30;710;10;788;True;Ordinaer ihht. obsavtale;a30f56d4-f4d1-4e47-a8c6-62ebbd415f2c;29251;2015-12-11 14:00:00;20;2015-12-11 12:29:14
;2015-12-11 11:31:05;711;10;60;True;Ordinaer ihht. obsavtale;5a169042-15fe-4893-1c7d-3a8d984a01bf;29266;2015-12-11 13:00:00;20;2015-12-11 14:15:15
;2015-12-11 12:16:28;712;10;24;True;Ordinaer ihht. obsavtale;df4c145f-4f6c-4d06-09ef-2c0640e63c0f;29273;2015-12-11 16:00:00;20;2015-12-11 15:58:55
Obstur til Nordre Nattmaalstuva.;2015-12-12 11:19:21;713;10;580;True;Ordinaer ihht. obsavtale;c218fb6d-d576-4e7b-e9d4-40984adc7dbe;29307;2015-12-12 15:00:00;20;2015-12-12 14:22:30
Olahansen i Dvergsdalsdalen i Joelster. Sjaa etter tegn paa vindtransport og ustabile sjikt i nysnoeen;2015-12-12 12:45:52;714;10;544;True;Ordinaer ihht. obsavtale;9b12ba6e-59ed-4a52-cc7d-3923574c5a60;29311;2015-12-12 17:00:00;20;2015-12-12 16:18:47
Bomfjellet, oertfjell. Opp for aa se hvor hoeyt mildvaeret har gaatt, se paa snoepakken paa 800-900moh, kantkorn utbredelse feks;2015-12-13 09:50:14;715;10;839;True;Ordinaer ihht. obsavtale;598313d9-61de-4b4e-dfd0-b0aa1b485068;29335;2015-12-13 15:00:00;20;2015-12-13 13:49:10
Bergsetnakken;2015-12-13 11:24:06;716;10;1076;True;Ordinaer ihht. obsavtale;ae2bdabe-218e-47b3-a4b7-f28606e490b1;29344;2015-12-13 14:00:00;20;2015-12-13 13:41:57
Storala;2015-12-13 12:07:51;717;10;762;True;Ordinaer ihht. obsavtale;30b0bbff-adb0-4756-8528-151987d84b29;29347;2015-12-13 16:00:00;20;2015-12-13 15:34:17
Smaaeggene;2015-12-13 13:42:53;718;10;1076;True;Ordinaer ihht. obsavtale;ee80ab36-96d1-422e-992e-6f5eb8889913;29357;2015-12-13 16:00:00;20;2015-12-13 15:40:01
Grave en full snoeprofil;2015-12-13 14:40:37;719;10;1338;True;Ordinaer ihht. obsavtale;eb76e03d-7633-433d-97a4-b6f6237d6d99;29362;2015-12-13 19:00:00;20;2015-12-13 16:59:44
Obstur til Ruten i Hemne. Turen fanger en del heng som ligger NOE;2015-12-14 10:25:08;720;10;50;True;Ansatt;0ad2d686-2e13-4c9b-fa68-06ddc6e0dbd2;29387;2015-12-14 14:00:00;50;2015-12-14 16:01:01
Fagerfjell;2015-12-14 10:46:15;721;10;19;True;Ansatt;ab029e6c-a038-448c-b09a-4612152669f5;29389;2015-12-14 15:00:00;50;2015-12-14 13:32:15
Snoefokkvaer.;2015-12-14 12:24:31;722;10;280;True;Ordinaer ihht. obsavtale;08208824-a4d9-44f3-463f-69b7da7eef93;29395;2015-12-14 15:00:00;20;2015-12-14 14:57:35
;2015-12-14 12:29:04;723;10;282;True;Ordinaer ihht. obsavtale;259c13b7-8cfb-43b4-c2dd-394468d412d9;29396;2015-12-14 16:00:00;20;2015-12-14 15:58:05
Jeg skal paa Tverrfjellet. Daarlig vaer med foeyk og snoe, muligens avlyses tur om vaeret er for daarlig.;2015-12-14 19:57:38;724;10;16;True;Ordinaer ihht. obsavtale;a87960ac-1713-471c-68eb-80ecfc840f33;29432;2015-12-14 23:00:00;20;2015-12-14 20:31:45
Tur til flishovd for aa se paa snoeforholda vest i regionen. Kaldt og stille saa overflaterim kan vaere tema.;2015-12-15 09:29:39;725;10;1083;True;Ordinaer ihht. obsavtale;3a62464e-e59f-4c31-0959-571d9fcf2a4f;29443;2015-12-15 15:00:00;20;2015-12-15 14:13:52
;2015-12-15 09:40:44;726;10;35;True;Ordinaer ihht. obsavtale;ab0cf5c8-7afe-490c-6132-974fb8af5ed2;29445;2015-12-15 13:00:00;20;2015-12-15 13:32:22
Ser etter daarlige bindinger i nedfoeyket lag med nysnoe;2015-12-15 10:09:41;727;10;1418;True;Ordinaer ihht. obsavtale;fb9098e2-c251-4ced-866b-3ce36085e7e6;29448;2015-12-15 15:00:00;20;2015-12-15 14:29:32
Njaal og Julie i Roeldal varslingsregion. Observasjonstur fra Tyssedal;2015-12-15 10:09:59;728;10;79;True;Ansatt;3be3c65e-9a05-4d8f-44f2-1b38861f15e7;29449;2015-12-15 16:00:00;50;2015-12-15 23:00:00
Skorgedalen med Halvor, Solveig og 3 fra vegvesen.;2015-12-15 10:28:55;729;10;201;True;Ordinaer ihht. obsavtale;41cbc074-35b4-4510-63e3-f1832e0a6cde;29452;2015-12-15 15:00:00;20;2015-12-15 14:00:35
Tyinstoelsnoese;2015-12-15 10:43:43;730;10;33;True;Ordinaer ihht. obsavtale;2cd43c71-c119-42a3-1968-a14ea5b9aa57;29457;2015-12-15 14:00:00;20;2015-12-15 13:12:16
;2015-12-15 10:46:58;731;10;282;True;Tillegg ihht. obsavtale;c3b9e912-4794-479b-6a53-8326db94f5ac;29459;2015-12-15 15:00:00;30;2015-12-15 14:19:35
Gaar fra Raften og opp mot tregrensa. Moerkt og daarlig sikt.;2015-12-15 11:06:33;732;10;788;True;Ordinaer ihht. obsavtale;31570cce-22f1-4f0a-717a-bae6d8cf403c;29461;2015-12-15 14:00:00;20;2015-12-15 13:55:04
;2015-12-15 11:12:28;733;10;271;True;Ordinaer ihht. obsavtale;eac8092d-2518-4c6e-84a6-7cf1fd2a3b6a;29464;2015-12-15 14:00:00;20;2015-12-15 13:38:19
Fagernesfjellet;2015-12-15 12:19:07;734;10;775;True;Ordinaer ihht. obsavtale;8c12a7a0-6c1b-4da2-6120-c570aa2c7047;29473;2015-12-15 17:00:00;20;2015-12-15 23:00:00
Middagfjellet, fra Lofast rundkjoeringa.;2015-12-15 12:23:27;735;10;112;True;Ordinaer ihht. obsavtale;854b665e-b266-4796-86fa-b144efb81687;29475;2015-12-15 15:00:00;20;2015-12-15 14:43:42
;2015-12-15 13:15:04;736;10;34;True;Ansatt;19e9359b-95cc-4a7e-8ccf-459cb60d95a4;29485;2015-12-15 17:00:00;50;2015-12-15 16:55:01
;2015-12-15 17:29:46;737;10;1338;True;Ordinaer ihht. obsavtale;3c00c097-1cd3-4c17-6a56-ebca09fc5164;29521;2015-12-15 21:00:00;20;2015-12-15 18:52:44
Tur fra Hodlekve mot Kambafjell;2015-12-16 09:33:17;738;10;1084;True;Ordinaer ihht. obsavtale;26df911a-ac4d-4110-43eb-151112bb94eb;29543;2015-12-16 15:00:00;20;2015-12-16 12:55:28
Nordnes. OEstvendt og snoemengde mtaa vei;2015-12-16 10:27:20;739;10;767;True;Ordinaer ihht. obsavtale;3ff76587-7d78-465b-9373-872d1458faae;29547;2015-12-16 13:00:00;20;2015-12-16 14:48:46
;2015-12-16 12:47:33;740;10;282;False;Ordinaer ihht. obsavtale;a091e357-a58e-4358-4afe-bbe00ee11e5e;29561;2015-12-16 15:00:00;20;
;2015-12-16 12:48:05;741;10;282;False;Ordinaer ihht. obsavtale;8127522e-074c-4014-253a-db451fe301dd;29562;2015-12-16 15:00:00;20;
Gaar en tur paa nattmaalsfjellet/ersfjordbotn mellom snoebygene..;2015-12-16 13:01:37;742;10;746;True;Ordinaer ihht. obsavtale;afc00f28-2331-4b15-ed37-699e9f54175f;29563;2015-12-16 15:00:00;20;2015-12-16 14:55:22
;2015-12-16 13:25:12;743;10;1243;True;Ordinaer ihht. obsavtale;2e095e94-2842-4726-b6c1-6c6563ad4028;29568;2015-12-16 19:00:00;20;2015-12-16 15:50:48
Graahoegda;2015-12-16 15:18:16;744;10;762;True;Ordinaer ihht. obsavtale;f493cc5f-680a-4634-b0e7-9604e6cbda9e;29575;2015-12-16 19:00:00;20;2015-12-16 17:35:15
Tindefjellet i Joelster . Sjaa etter rimlaget fraa i gaar, og om det har blitt begravd ved evt vindtransport;2015-12-16 16:16:28;745;10;544;False;Ordinaer ihht. obsavtale;628a1a94-feb4-4b0a-d7d4-e5b1536e2c75;29579;2015-12-16 19:00:00;20;
Kveldsobstur til Tverrfjellet paa kattfjordeidet;2015-12-16 20:00:54;746;10;16;False;Ordinaer ihht. obsavtale;0c68b84f-aa40-481f-a4d0-713a7cd1d7eb;29585;2015-12-16 23:00:00;20;
;2015-12-17 09:47:16;747;10;271;False;Ordinaer ihht. obsavtale;62f4fc3c-1474-4ece-e0a2-8f39d5b0d4b2;29604;2015-12-17 17:00:00;20;
Dalbergan, Kongsmark;2015-12-17 10:32:47;748;10;788;True;Ordinaer ihht. obsavtale;9106976e-6b93-4a20-a797-788512d0348c;29607;2015-12-17 15:00:00;20;2015-12-17 14:07:58
Obstur Stoelsnoese, Jotunheimen;2015-12-17 12:37:02;749;10;21;True;Ordinaer ihht. obsavtale;93167573-11e1-454f-fe0f-5bd36c8fd8b5;29615;2015-12-17 16:00:00;20;2015-12-17 15:50:25
Vengedalen.;2015-12-18 10:29:10;750;10;201;True;Ordinaer ihht. obsavtale;b7744954-534d-4080-4af9-b6903c9740bc;29656;2015-12-18 15:00:00;20;2015-12-18 14:18:55
Sarves: Nylig fraktet fokksnoe. Kantkornlagets egenskaper.;2015-12-18 10:32:21;751;10;270;True;Ordinaer ihht. obsavtale;f7058fea-e116-4cb2-6075-ee2ce224c842;29657;2015-12-18 14:00:00;20;2015-12-18 14:59:08
Steinskartinden.;2015-12-18 18:36:57;752;10;773;True;Ordinaer ihht. obsavtale;769a5253-324b-434e-0616-b000a1acb053;29683;2015-12-18 23:00:00;20;2015-12-18 22:03:54
OErtfjelltinden, se etter hvor hoeyt mildvaeret har gaatt, hvordan er stabiliteten i oe eksposisjoner;2015-12-19 09:27:22;753;10;839;True;Ordinaer ihht. obsavtale;3dcabb3a-bed3-41c1-fb3f-d646edfb5ab3;29699;2015-12-19 15:00:00;20;2015-12-19 14:40:12
Holtardalen;2015-12-19 10:27:46;754;10;260;True;Ordinaer ihht. obsavtale;85642e2c-6c9f-4020-eb5d-fc40976c9443;29701;2015-12-19 14:00:00;20;2015-12-19 13:37:48
Bjoernfjell stasjon;2015-12-19 10:50:49;755;10;775;False;Ordinaer ihht. obsavtale;fc409d59-b9b9-4ccc-c783-e19c500ed926;29703;2015-12-19 16:00:00;20;
Olahansen i Dvergsdalsdalen i Joelster.;2015-12-19 11:03:09;756;10;544;True;Ordinaer ihht. obsavtale;d9f60a5f-aac9-45b3-b10c-7440a4352cc1;29704;2015-12-19 15:00:00;20;2015-12-19 14:39:25
Lifjellet;2015-12-19 12:44:31;757;10;762;True;Ordinaer ihht. obsavtale;4ca9f656-2b9a-474e-b0e3-03e93eb60247;29707;2015-12-19 16:00:00;20;2015-12-19 16:28:54
Sorbmegaisa. Sjekke hvor hoeyt mildvaeret har gaatt;2015-12-20 09:58:24;758;10;767;True;Ordinaer ihht. obsavtale;ecd7747e-eb5d-4b12-0669-a3eb057cce87;29734;2015-12-20 14:00:00;20;2015-12-20 13:03:47
Saetreskarsfjellet;2015-12-20 11:23:52;759;10;1076;True;Ordinaer ihht. obsavtale;aa9eb321-2d1e-4c82-1751-61e054aaf7f9;29742;2015-12-20 14:00:00;20;2015-12-20 15:07:39
;2015-12-20 18:32:29;760;10;1610;True;Ordinaer ihht. obsavtale;afc27bdb-1a37-4db4-d669-0f4d1daf7745;29766;2015-12-20 21:00:00;20;2015-12-20 20:40:50
Obstur Kattfjordeidet . Trolig Steinskardtind, evt Tverrfjellet;2015-12-21 09:08:55;761;10;203;True;Ordinaer ihht. obsavtale;aa13768a-da16-4da1-4edf-19d00d13d744;29778;2015-12-21 13:00:00;20;2015-12-21 12:26:42
Laslettind-Olderbakkfjellet: Kantkornlaget ved bakken er inaktivt pga overliggende fokksnoe, men oensker aa undersoeke om det blir brutt ned av fukt/varme (opp til hoeyde?) eller har blitt presset sammen av snoeen over.;2015-12-21 09:09:36;762;10;270;True;Ordinaer ihht. obsavtale;f8b6defb-a381-4d5f-a811-b65fd8dec62e;29779;2015-12-21 15:00:00;20;2015-12-21 14:16:15
Breitind.;2015-12-21 11:02:14;763;10;788;False;Ordinaer ihht. obsavtale;490d242a-7386-4e20-2e5c-506565ec2bd7;29792;2015-12-21 14:00:00;20;
;2015-12-21 12:58:50;764;10;1338;True;Ordinaer ihht. obsavtale;c78605f7-cd5c-4bf8-51b5-736d26da5d42;29800;2015-12-21 16:00:00;20;2015-12-21 14:19:16
Olahansen i Dvergsdalsdalen i Joelster. Ein av dei faa plassane i naerheten det er mulig aa gaa utan aa baere ski.;2015-12-22 08:16:31;765;10;544;True;Ordinaer ihht. obsavtale;86aa6564-0e04-4399-b351-42a77f17f838;29823;2015-12-22 13:00:00;20;2015-12-22 12:10:30
Tur til Mortenhalsskolten.;2015-12-22 09:10:32;766;10;741;True;Ansatt;bc3efdc3-8f93-428f-1eec-dcae6f45ea5c;29824;2015-12-22 15:00:00;50;2015-12-22 15:15:55
Litletind;2015-12-22 09:42:37;767;10;775;False;Ordinaer ihht. obsavtale;473c04bc-3f22-4ec2-310b-8621ec30a870;29826;2015-12-22 13:00:00;20;
;2015-12-22 10:21:12;768;10;1578;True;Ordinaer ihht. obsavtale;b618cfc7-e39a-4215-cf24-e2a32d063aee;29832;2015-12-22 14:00:00;20;2015-12-22 12:43:33
;2015-12-22 12:04:26;769;10;271;True;Ordinaer ihht. obsavtale;1203f0cd-f46c-4f48-2561-bfcd9a5dd3db;29842;2015-12-22 16:00:00;20;2015-12-22 13:44:15
Graahoegda;2015-12-22 12:16:27;770;10;762;True;Ordinaer ihht. obsavtale;8c104dac-0df8-4037-d4cf-7a7b7274b443;29846;2015-12-22 16:00:00;20;2015-12-22 16:12:32
Loebergsbukta;2015-12-22 12:18:02;771;10;112;True;Ordinaer ihht. obsavtale;4847126a-c66c-476e-abd0-d018158d0532;29848;2015-12-22 16:00:00;20;2015-12-22 14:22:13
;2015-12-22 14:34:53;772;10;1701;True;Privat;4de05e04-d2ed-4958-6f24-b42b2b20473b;29865;2015-12-22 10:00:00;60;2015-12-22 14:35:11
Giilavarre;2015-12-23 09:56:49;773;10;767;True;Ordinaer ihht. obsavtale;766b5832-4388-455b-5249-192205c67cd5;29887;2015-12-23 14:00:00;20;2015-12-23 13:38:11
;2015-12-23 10:36:50;774;10;282;False;Ordinaer ihht. obsavtale;e9a326bf-2059-446e-aa28-20b1a0dedc62;29889;2015-12-23 13:00:00;20;
Observasjonstur i skianlegget.;2015-12-23 10:54:37;775;10;35;True;Ordinaer ihht. obsavtale;cbaf7c75-b04f-47e2-42b3-bda19387822d;29891;2015-12-23 13:00:00;20;2015-12-23 12:46:46
Bergsjoe. Fokksnoe blir vel tema for turen.;2015-12-23 11:23:24;776;10;1083;False;Ordinaer ihht. obsavtale;3c67a653-7001-485f-b7b9-133689b003ac;29895;2015-12-23 15:00:00;20;
Type lagdeling, overflate over 800 m.;2015-12-24 08:31:29;777;10;271;True;Ordinaer ihht. obsavtale;f33143bc-5699-45fd-e746-1421319d1b5b;29928;2015-12-24 13:00:00;20;2015-12-24 13:00:20
Sjufjellet normalvn;2015-12-24 10:36:45;778;10;60;True;Ordinaer ihht. obsavtale;9eabd52d-a1c9-4325-d837-5b88229df9c2;29936;2015-12-24 14:00:00;20;2015-12-24 13:30:13
Raulandsfjell;2015-12-25 09:30:35;779;10;260;True;Ordinaer ihht. obsavtale;cbcb0bd9-72db-45f1-d7ef-6890cf18b1ed;29956;2015-12-25 15:00:00;20;2015-12-25 12:41:08
;2015-12-25 10:06:28;780;10;282;False;Ordinaer ihht. obsavtale;4dcb0502-c843-4602-0524-27edf740c87b;29960;2015-12-25 15:00:00;20;
Storhaugen. Sjekke nysnoemengde og vindtransport;2015-12-26 09:58:14;781;10;767;True;Ordinaer ihht. obsavtale;e57b40d3-61c8-41ab-a93e-d22a79543706;29997;2015-12-26 13:00:00;20;2015-12-26 12:52:38
Tortnegroeegga i Stardalen;2015-12-26 10:55:42;782;10;544;True;Ordinaer ihht. obsavtale;64aefa0b-8e6c-4ff3-7aaa-774125ad9f25;30007;2015-12-26 16:00:00;20;2015-12-26 15:08:04
Boemark. Sjekke stabilitet i fokksnoe + fordeling i terreng;2015-12-26 12:02:04;783;10;112;True;Ordinaer ihht. obsavtale;b317dbec-08db-43d1-d525-6772acf7105c;30019;2015-12-26 15:00:00;20;2015-12-26 13:33:56
;2015-12-26 12:05:00;784;10;271;True;Ordinaer ihht. obsavtale;2e2cdd7b-b481-410e-9968-a75263b476f6;30020;2015-12-26 16:00:00;20;2015-12-26 14:51:14
Obstur skoersnoese, jotunheimen.;2015-12-27 08:51:57;785;10;21;True;Ordinaer ihht. obsavtale;42aceee1-3d05-4d7d-862d-30b9aa68b617;30059;2015-12-27 12:00:00;20;2015-12-27 11:08:39
Reingardslitinden, obstur 2. Sjekke stabilitet i fokksnoe, OE eksposisjon;2015-12-27 09:00:32;786;10;839;True;Ordinaer ihht. obsavtale;b17ce465-6fdc-48f8-d731-b2e596d123b7;30060;2015-12-27 15:00:00;20;2015-12-27 13:10:33
;2015-12-27 09:19:24;787;10;749;True;Ordinaer ihht. obsavtale;382ea924-b9c4-4d28-02bb-c8ee303b3335;30062;2015-12-27 13:00:00;20;2015-12-27 11:41:54
Steinskartinden;2015-12-27 09:37:04;788;10;773;True;Ordinaer ihht. obsavtale;8df8f17a-457a-478d-e337-cce1cd3082fd;30065;2015-12-27 15:00:00;20;2015-12-27 13:52:18
Drar vestover fra sentrum.;2015-12-27 10:24:11;789;10;35;True;Ordinaer ihht. obsavtale;ee67bdf9-f894-47bd-5e7d-e9c9845c47d9;30070;2015-12-27 13:00:00;20;2015-12-27 13:27:38
;2015-12-27 12:31:43;790;10;42;True;Privat;a7881ffc-4704-4cf4-cf8c-625fc3571668;30080;2015-12-27 15:00:00;60;2015-12-28 07:53:22
Lifjellet;2015-12-27 13:40:33;791;10;762;True;Ordinaer ihht. obsavtale;7b75fd17-3c39-4960-24a1-5525f6e628e9;30085;2015-12-27 17:00:00;20;2015-12-27 16:33:16
;2015-12-28 09:45:44;792;10;126;True;Ansatt;7cd4a2d0-f7b7-4a76-bc8e-0713700ae23e;30106;2015-12-28 15:00:00;50;2015-12-28 14:05:58
Drar til keipen paa nord senja;2015-12-28 10:21:41;793;10;794;True;Ordinaer ihht. obsavtale;a43c20e9-a865-4160-c13f-931a8509ee5c;30110;2015-12-28 15:00:00;20;2015-12-28 11:14:04
Lille Blaamann, kvaloeya, Tromsoe-region, opptil ca 750moh OE-vendt.;2015-12-28 10:38:31;794;10;199;False;Ansatt;a2727b75-bd19-4a16-f9ef-04b89f521cb0;30111;2015-12-28 15:00:00;50;
Mot Tromsdalstind fra ramfjord;2015-12-28 10:46:11;795;10;19;True;Ansatt;001220f9-05d5-44ab-d77e-9321366fbc15;30113;2015-12-28 15:00:00;50;2015-12-28 13:49:25
Fagernesfjellet;2015-12-28 10:52:28;796;10;775;False;Ordinaer ihht. obsavtale;3d4b0cef-2be7-4f97-85a2-df3924ede440;30114;2015-12-28 16:00:00;20;
Sjufj. NormalvnMye folk i fjellet;2015-12-28 11:13:42;797;10;60;True;Ordinaer ihht. obsavtale;0c620f16-62c5-4a6e-6182-dade5be8c2e7;30116;2015-12-28 14:00:00;20;2015-12-28 13:30:07
Hei. Glemte fellene paa planlagt tur til keipen. Drar da til kistefjell da utstyret er paa plass;2015-12-28 11:15:30;798;10;794;True;Ordinaer ihht. obsavtale;4f6a1fd1-994c-4ad9-fa5d-cdd2863f686b;30117;2015-12-28 16:00:00;20;2015-12-28 14:50:17
Vengedalen;2015-12-28 11:24:05;799;10;201;True;Ordinaer ihht. obsavtale;145bc3fd-b7eb-449d-8beb-a65c19f4a6b9;30119;2015-12-28 15:00:00;20;2015-12-28 14:22:30
;2015-12-28 11:27:48;800;10;282;False;Ordinaer ihht. obsavtale;69b949eb-2210-4173-c693-8b8c74c94ac2;30121;2015-12-28 15:00:00;20;
Koppartindgryta;2015-12-28 13:43:56;801;10;270;True;Ordinaer ihht. obsavtale;a0450395-c343-4591-b3a8-406df7d30fcd;30136;2015-12-28 17:00:00;20;2015-12-28 17:05:28
Nordfjellet paa Ringvassoeya . Sjekke snoemengder og oppbygging .;2015-12-29 10:58:11;802;10;203;False;Ordinaer ihht. obsavtale;ec30db7c-7842-4f4b-3eb9-ccd3c5eb8553;30197;2015-12-29 15:00:00;20;
Nordfjellet paa Ringvassoeya . Sjekke snoemengder og oppbygging .;2015-12-29 10:58:38;803;10;203;True;Ordinaer ihht. obsavtale;321d9b24-8f41-47e9-3671-6d6321849cd0;30198;2015-12-29 15:00:00;20;2015-12-29 21:05:52
;2015-12-29 11:16:45;804;10;271;True;Ordinaer ihht. obsavtale;bc1d5c30-9f82-4063-3e2a-031de4fa147d;30203;2015-12-29 17:00:00;20;2015-12-29 14:02:56
Fantastisk fint vintervaer.;2015-12-29 11:18:25;805;10;280;True;Ordinaer ihht. obsavtale;d7b69324-aca4-4690-4f83-3ce6dfb49218;30204;2015-12-29 15:00:00;20;2015-12-29 13:57:39
Sorbmegaisa. Stabilitet i snoedekket nordvendt samt dannelse av vedvarende svakt lag rundt skarelag?;2015-12-30 09:48:22;806;10;767;True;Ordinaer ihht. obsavtale;4246b189-e477-4e8a-d47e-808e97db1d72;30250;2015-12-30 14:00:00;20;2015-12-30 13:47:21
Obstur 1 brunstadtind, NV eksposisjon, sjekke fokksnoe;2015-12-30 09:49:03;807;10;839;True;Ordinaer ihht. obsavtale;8a503967-b6fb-4aea-ad0d-73c521a87fd8;30251;2015-12-30 15:00:00;20;2015-12-30 14:11:20
;2015-12-30 11:02:39;808;10;749;True;Ordinaer ihht. obsavtale;0a954860-0188-4ed4-2a6f-2724443433d0;30256;2015-12-30 15:00:00;20;2015-12-30 16:08:35
Smaatinden i Raften. Sjekke mengde og stabilitet paa fokksnoeen.;2015-12-30 12:01:25;809;10;788;True;Ordinaer ihht. obsavtale;f613bae5-6de1-4c06-3851-7f2840b8d530;30261;2015-12-30 15:00:00;20;2015-12-30 15:39:32
;2015-12-30 12:02:35;810;10;282;True;Ordinaer ihht. obsavtale;5543352d-3ecb-48bd-0b60-49ba8d0d3dde;30262;2015-12-30 15:00:00;20;2015-12-30 22:09:10
Mortenhalsskolten i Malangen.;2015-12-31 09:15:45;811;10;741;True;Ansatt;e42ac0c0-9145-47ea-e44d-49ef5d8187c5;30305;2015-12-31 15:00:00;50;2015-12-31 14:11:03
Olahansen i Dvergsdalsdalen i Joelster.;2015-12-31 09:25:26;812;10;544;True;Ordinaer ihht. obsavtale;eb8329e2-0be7-452c-4536-97fabc766883;30306;2015-12-31 14:00:00;20;2015-12-31 11:59:30
Begrenset sikt i hoeyden i dag. Obstur gaar i skianlegget i Hemsedal.;2015-12-31 09:55:48;813;10;35;True;Ordinaer ihht. obsavtale;177d6dcd-428c-4fe5-cc44-a33203ae55aa;30308;2015-12-31 13:00:00;20;2015-12-31 12:02:48
Blaabaerfj. Normalvn;2015-12-31 10:10:17;814;10;60;True;Ordinaer ihht. obsavtale;a3ab6904-8f27-47d2-18b6-362423523692;30309;2015-12-31 14:00:00;20;2015-12-31 12:52:54
Lifjellet.;2015-12-31 10:31:46;815;10;762;True;Ordinaer ihht. obsavtale;8f233264-c4e1-4bf0-d7e0-cb01eb305b06;30310;2015-12-31 14:00:00;20;2015-12-31 12:44:47
Skorgedalen;2015-12-31 10:58:52;816;10;201;True;Ordinaer ihht. obsavtale;6c390712-5383-433c-32ba-8f9091ff67a0;30313;2015-12-31 15:00:00;20;2015-12-31 14:14:02
Obstur Galden, jotunheimen Se i nordlig, nordvestlige leheng etter fokksnoe;2016-01-01 09:43:47;817;10;21;False;Ordinaer ihht. obsavtale;ca2bba33-2b88-417a-b306-971620b46ee9;30341;2016-01-01 13:00:00;20;
Kjoerer i leirdalen. Proever aa komme over nonsskaret for aa sjekke NV i hoeyden. Godt nyttaar.;2016-01-01 10:27:28;818;10;282;True;Ordinaer ihht. obsavtale;156215d0-4542-4d45-7a95-a472f6b5ad03;30344;2016-01-01 15:00:00;20;2016-01-01 14:25:42
Litletind;2016-01-01 11:31:21;819;10;775;True;Ordinaer ihht. obsavtale;03aec5d8-f716-491b-d9b2-893a6b6cf05c;30347;2016-01-01 16:00:00;20;2016-01-01 15:21:25
Boeverkinnhalsen;2016-01-01 14:19:59;820;10;25;True;Ordinaer ihht. obsavtale;d88ff93e-2c28-4ba4-4aa4-9cb64a91791a;30355;2016-01-01 16:00:00;20;2016-01-01 16:06:55
Giilavarre. Sjekk av fodeling av fokksnoe;2016-01-02 09:41:35;821;10;767;True;Ordinaer ihht. obsavtale;3eaca0a4-c46a-454e-03d6-2865b0a2969a;30379;2016-01-02 14:00:00;20;2016-01-02 13:19:58
Obstur til Storsteinsfjellet. Fauske, Salten.;2016-01-02 11:41:02;822;10;580;True;Ordinaer ihht. obsavtale;6eab5b00-8992-4ec7-cde0-b9ea2ea3dd86;30387;2016-01-02 15:00:00;20;2016-01-02 14:48:22
BotnenibbaObs. av snoemengde og event. svake lag i snoedekket.Kraftig vind fra SOE saa det er store muligheter for at eg snur inne i dalen.;2016-01-02 12:00:11;823;10;1076;True;Ordinaer ihht. obsavtale;7a259d9d-c910-4f03-d918-1a67bdfc918b;30390;2016-01-02 15:00:00;20;2016-01-02 15:47:08
Bergsjoe. Lang frokost = sein start men satser paa aa faa sendt inn det groevste fra felt foer klokka 2. Regner ikke med noen store overraskelser fra snoedekket.;2016-01-02 12:19:13;824;10;1083;True;Ordinaer ihht. obsavtale;4b88ffa9-8dda-42b4-4fc0-a123cc9cdac9;30392;2016-01-02 15:00:00;20;2016-01-02 12:38:40
Nonsnipa i Sanddal i Joelster;2016-01-02 13:16:51;825;10;544;True;Ordinaer ihht. obsavtale;c103d3c4-cb51-4bd1-d4cf-3ef545d27d8e;30397;2016-01-02 16:00:00;20;2016-01-02 15:11:35
;2016-01-02 13:44:03;826;10;271;True;Ordinaer ihht. obsavtale;19c61fb9-6332-4d7f-10a7-1401d14dbfde;30401;2016-01-02 17:00:00;20;2016-01-02 14:19:24
;2016-01-02 13:57:22;827;10;1338;True;Ordinaer ihht. obsavtale;6e13d57e-bf88-4331-50fa-00fa6a473756;30405;2016-01-02 16:00:00;20;2016-01-02 15:27:30
Groennfjellet, Altevatnet.;2016-01-02 20:04:13;828;10;762;True;Ordinaer ihht. obsavtale;92a4a1d3-b938-4b66-fd10-005656811554;30422;2016-01-02 23:00:00;20;2016-01-02 22:21:41
OErtfjelltinden, sjekke stabilitet i fokksnoe, samt se paa utvikling i kantkornlag paa ca 800moh;2016-01-03 09:32:36;829;10;839;True;Ordinaer ihht. obsavtale;ace58a26-1645-451d-9d37-dce50e7ebab7;30427;2016-01-03 15:00:00;20;2016-01-03 13:58:19
Laslettind: Hvor hoeyt mildvaer har paavirket. Hvor vindpakket snoeen er i hoeyden. Finnes det nyinnblaast fokksnoe.;2016-01-03 09:55:52;830;10;270;True;Ordinaer ihht. obsavtale;3a41ff9f-d962-4d31-fb42-c09743c4a9e0;30428;2016-01-03 16:00:00;20;2016-01-03 15:38:18
;2016-01-03 10:28:23;831;10;1418;True;Ordinaer ihht. obsavtale;edbf68dd-be5e-49d3-7295-2548d47698f5;30429;2016-01-03 16:00:00;20;2016-01-03 15:34:59
Fra Boestoelen;2016-01-03 10:46:36;832;10;201;True;Ordinaer ihht. obsavtale;4b2d1367-bd21-4309-af77-c52362080a68;30430;2016-01-03 16:00:00;20;2016-01-03 15:29:04
Ringvassoeya;2016-01-03 10:55:55;833;10;16;True;Ordinaer ihht. obsavtale;fdacaa88-f815-4b27-8a58-cc40250dcd43;30432;2016-01-03 17:00:00;20;2016-01-03 15:44:05
Steinskartinden;2016-01-03 14:10:52;834;10;773;True;Ordinaer ihht. obsavtale;e1102b45-b391-4da3-722c-52f06289e3af;30448;2016-01-03 23:00:00;20;2016-01-03 16:50:51
Tur til flishovd i hol. Fokksnoe og evt utvikling av kantkorn blir tema i dag.;2016-01-04 09:45:18;835;10;1083;True;Ordinaer ihht. obsavtale;62966fa7-8912-4c4e-fba7-fd6f020edd80;30483;2016-01-04 15:00:00;20;2016-01-04 14:41:46
Bjoernfjell;2016-01-04 09:54:12;836;10;775;True;Ordinaer ihht. obsavtale;9c56438f-1fb3-4ef9-7466-0709ff81efb0;30484;2016-01-04 15:00:00;20;2016-01-04 14:31:33
Hardt og kaldt i dag.;2016-01-04 10:05:15;837;10;280;True;Ordinaer ihht. obsavtale;41a0969a-4439-4bd6-3d4d-cb313e56da88;30486;2016-01-04 15:00:00;20;2016-01-04 15:36:09
Stormheimfjellet, se etter kantkorn.;2016-01-04 10:33:00;838;10;741;True;Ansatt;792eadea-d7e2-4bef-003c-b6517cde8d8c;30487;2016-01-04 15:00:00;50;2016-01-04 14:58:16
Hurrungene paa kantkornet jakt;2016-01-05 09:02:54;839;10;282;True;Ordinaer ihht. obsavtale;8698a610-dfe7-48cf-b327-cb88d5b9a37c;30527;2016-01-05 15:00:00;20;2016-01-05 14:08:08
Faa oppdatering av snoedekket.;2016-01-05 10:15:58;840;10;111;True;Ordinaer ihht. obsavtale;f33a2bca-05c0-4a12-0f16-79197a8d01e8;30533;2016-01-05 14:00:00;20;2016-01-05 14:30:32
Tindfjellet nord i Trollheimen. Ser etter overflaterim og kantkorndannelse.;2016-01-05 11:29:49;841;10;125;True;Ordinaer ihht. obsavtale;0b097598-1a59-4c89-c88f-7ea1a65b7ff0;30539;2016-01-05 15:00:00;20;2016-01-05 16:12:57
Raudbergstulen - Ljoslie;2016-01-05 11:47:40;842;10;25;False;Ordinaer ihht. obsavtale;cf485458-4e95-4f5a-116e-1bf49ed4fa3c;30544;2016-01-05 14:00:00;20;
Ser etter kantkorn under skare.;2016-01-05 12:40:05;843;10;112;True;Ordinaer ihht. obsavtale;8093942a-713a-481d-0bdd-5bb1b8c23a0c;30549;2016-01-05 14:00:00;20;2016-01-05 14:10:19
Olahansen i Dvergsdalsdalen i Joelster. Sjekke om eg finn kantkorn i snoedekket;2016-01-06 09:10:48;844;10;544;True;Ordinaer ihht. obsavtale;8a271014-869a-4f69-aa57-3f39ef5bcc7e;30597;2016-01-06 13:00:00;20;2016-01-06 12:58:51
Giilavarre let etter svake lag av kantkorn;2016-01-06 09:55:30;845;10;767;True;Ordinaer ihht. obsavtale;e983d84e-20c3-479f-be96-23287da089dd;30600;2016-01-06 14:00:00;20;2016-01-06 13:32:39
Saetreskarsfjellet;2016-01-06 10:10:28;846;10;801;True;Ordinaer ihht. obsavtale;4ab78518-2644-41e1-4613-f69bf24b7747;30602;2016-01-06 14:00:00;20;2016-01-06 15:00:17
Tur sogndalsdalen, groessete;2016-01-06 10:11:36;847;10;1084;True;Ordinaer ihht. obsavtale;f35a8ccc-7ea9-4431-6a3a-6f0a75e7f927;30603;2016-01-06 16:00:00;20;2016-01-06 14:23:03
Skoddevarre: Se paa kantkornutvikling;2016-01-06 10:34:41;848;10;270;True;Ordinaer ihht. obsavtale;a39b00cd-ed56-42ed-9549-eecc8b0763f5;30605;2016-01-06 14:00:00;20;2016-01-06 12:20:56
;2016-01-06 10:40:46;849;10;175;False;Ansatt;9ba7b216-b446-4cb1-5f54-25f6adeedab5;30606;2016-01-06 15:00:00;50;
Gaar fra Storeskar mot Steinbunoese;2016-01-06 10:55:22;850;10;52;True;Ordinaer ihht. obsavtale;59b4c0c8-0b18-4e57-4ca0-2cc40d67fb83;30607;2016-01-06 13:00:00;20;2016-01-06 13:27:40
Standalseidet. Lite snoe-sjekk av snoefordeling og evt rim og kantkorn danning;2016-01-06 11:35:51;851;10;269;False;Ordinaer ihht. obsavtale;3a4e9390-d7ea-4eb2-1cde-5c1556f70177;30615;2016-01-06 16:00:00;20;
;2016-01-06 11:42:43;852;10;1338;False;Ordinaer ihht. obsavtale;97f7964c-c18d-474d-fa2f-9d535e8f22c1;30616;2016-01-06 17:00:00;20;
Kjostind;2016-01-06 12:38:34;853;10;271;False;Privat;075186e2-278e-4a9e-2a87-e427e4c53b76;30622;2016-01-06 19:00:00;60;
Overflaterim og kantkorn;2016-01-06 12:47:59;854;10;55;True;Ordinaer ihht. obsavtale;a941879b-b8dd-402d-7acc-f890250db7bd;30624;2016-01-06 15:00:00;20;2016-01-06 14:32:32
